Categories,Final_Category
TYRE_195/55/R16,TYRE
OTHERS,OTHERS
FRONT BUMPER,BUMPER
BATTERY_35AH_LEFT,BATTERY
CLUTCH SET,CLUTCH KIT
AC COMPRESSOR,COMPRESSOR
TYRE_175/65/R14,TYRE
TAIL LIGHT RHS,TAIL LIGHT
TAIL LIGHT LHS,TAIL LIGHT
BATTERY_40AH_BH_LEFT,BATTERY
TYRE_185/65/R15,TYRE
FRONT BRAKE PAD SET,OTHERS
RADIATOR SUPPORT,RADIATOR
TYRE_165/65/R14,TYRE
TYRE_165/70/R14,TYRE
SVM LHS,MIRROR
TYRE_155/80/R13,TYRE
TYRE_215/60/R16,TYRE
HEAD LIGHT LHS,HEADLIGHT
FRONT WINDSHIELD,WINDSHIELD
REAR SHOCKER (LHS/RHS),SHOCK ABSORBER
CLUTCH DISC,CLUTCH OTHER
TYRE_205/60/R16,TYRE
TYRE_175/65/R15,TYRE
SVM RHS,MIRROR
SILENCER B,OTHERS
TYRE_185/60/R15,TYRE
CLUTCH PRESSURE PLATE,CLUTCH OTHER
TYRE_165/80/R14,TYRE
ENGINE MOUNTING C,ENGINE MOUNTING
BATTERY_45AH_BH_LEFT,BATTERY
HEAD LIGHT RHS,HEADLIGHT
TYRE_215/60/R17,TYRE
REAR BUMPER,BUMPER
TYRE_195/60/R16,TYRE
SVM INDICATOR RHS,MIRROR
STEREO SYSTEM,OTHERS
FRONT SHOCKER (LHS/RHS),SHOCK ABSORBER
REVERSE PARKING SENSOR,SENSOR
TENSIONER PULLEY,PULLEY
FRONT LOWER CONTROL ARM BUSH KIT,CONTROL ARM
FRONT SHOCKER LHS,SHOCK ABSORBER
TYRE_215/65/R16,TYRE
FRONT WHEEL BEARING,WHEEL BEARING
TYRE_185/70/R14,TYRE
FRONT SHOCKER RHS,SHOCK ABSORBER
TYRE_145/80/R12,TYRE
OIL FILTER,OIL FILTER
REAR SHOCKER ASSY (LHS/RHS),SHOCK ABSORBER
ENGINE MOUNTING A,ENGINE MOUNTING
GEAR LEVER KNOB,GEAR LEVER
TYRE_155/65/R14,TYRE
TYRE_175/60/R15,TYRE
BATTERY_50AH_LEFT,BATTERY
SVM INDICATOR LHS,MIRROR
CATALYTIC CONVERTER,CATALYTIC CONVERTER
REAR WHEEL BEARING,WHEEL BEARING
BATTERY_60AH_LEFT,BATTERY
AIR FILTER HOUSING,AIR FILTER
BATTERY_45AH_LEFT,BATTERY
MAIN POWER WINDOW SWITCH,POWER WINDOW SWITCH
FRONT DOOR WEATHERSTRIP RHS (BODY SIDE),WEATHERSTRIP
CLUTCH SLAVE CYLINDER,CLUTCH CYLINDER
BATTERY_44AH_LEFT,BATTERY
AIR FILTER,AIR FILTER
FRONT FENDER LINING LHS,FRONT FENDER
ENGINE V BELT,V BELT
AC FILTER,AC FILTER
TYRE_155/65/R13,TYRE
TYRE_155/70/R13,TYRE
TYRE_235/65/R17,TYRE
FUEL PUMP,OTHERS
AC CONDENSER,OTHERS
DICKEY SHOCKER,SHOCK ABSORBER
FRONT FOG LAMP LHS,FOG LAMP
ENGINE MOUNTING B,ENGINE MOUNTING
AC CONTROL UNIT,AC CONTROL
FRONT FENDER LINING RHS,FRONT FENDER
DICKEY DOOR WEATHERSTRIP,WEATHERSTRIP
FRONT BRAKE DISC (LHS/RHS),BRAKE DISC
TYRE_225/55/R18,TYRE
EVAPORATOR,EVAPORATOR
TYRE_195/65/R15,TYRE
CLUTCH RELEASE BEARING,OTHERS
BATTERY_65AH_RIGHT,BATTERY
TYRE_185/65/R14,TYRE
CLOCK SPRING,OTHERS
WHEEL NUT,OTHERS
AIR BAG MODULE,OTHERS
TYRE_205/65/R16,TYRE
FRONT BUMPER GRILL UPPER,BUMPER
RADIATOR FAN MOTOR,RADIATOR
GEAR LEVER KNOB (WITH BOOT),GEAR LEVER
FRONT O2 SENSOR,SENSOR
FRONT SUSPENSION BUSH KIT,BUSH KIT
FRONT LOWER CONTROL ARM RHS,CONTROL ARM
FRONT FOG LAMP RHS,FOG LAMP
WATER PUMP,WATER PUMP
REAR WHEEL HUB (LHS/RHS),WHEEL HUB
TYRE_255/65/R18,TYRE
TYRE_215/55/R18,TYRE
FRONT FOG LAMP (LHS/RHS),FOG LAMP
SEAT COVER SET,SEAT COVER
FUEL LID ACTUATOR,FUEL LID
BATTERY_33AH_LEFT,BATTERY
POWER STEERING MOTOR,POWER STEERING
FRONT LOWER CONTROL ARM LHS,CONTROL ARM
ENGINE OIL SUMP,ENGINE OIL
BATTERY_44AH_RIGHT,BATTERY
HEATER CORE,OTHERS
TYRE_205/55/R16,TYRE
DEAD AXLE BUSH,BUSH KIT
TYRE_145/80/R13,TYRE
COWL TOP COVER,COWL TOP
TYRE_235/50/R18,TYRE
TYRE_175/70/R14,TYRE
REAR O2 SENSOR,SENSOR
SILENCER C,OTHERS
CLUTCH CABLE,CLUTCH CABLE
STEEL WHEEL RIM,OTHERS
TAPPET COVER GASKET,GASKET
IGNITION COIL,OTHERS
FRONT BUMPER GRILL LOWER,BUMPER
ENGINE UNDER COVER,ENGINE UNDER
REAR CRANKSHAFT SEAL,SEAL
DRL LHS,OTHERS
SILENCER D,OTHERS
ENGINE OIL COOLER,ENGINE OIL
TYRE_185/55/R16,TYRE
TYRE_205/50/R17,TYRE
ACCELERATOR PEDAL,ACCELERATOR PEDAL
FRONT DOOR LATCH RHS,DOOR LATCH
ENGINE UNDER COVER RHS,ENGINE UNDER
FRONT DRIVE AXLE SEAL RHS,SEAL
DICKEY SHOCKER LHS,SHOCK ABSORBER
CLUTCH MASTER CYLINDER,CLUTCH CYLINDER
REAR BRAKE PAD SET,OTHERS
FRONT WINDOW WEATHERSTRIP RHS OUTER,WEATHERSTRIP
AIR FILTER INLET HOSE,AIR FILTER
BATTERY_70AH_LEFT,BATTERY
REAR DOOR WEATHERSTRIP RHS (BODY SIDE),WEATHERSTRIP
BATTERY_65AH_LEFT,BATTERY
RADIATOR,RADIATOR
FUEL FILTER,OTHERS
CENTER AC VENT,AC VENT
TYRE_225/60/R17,TYRE
DICKEY TAIL LIGHT RHS,TAIL LIGHT
REAR ABS SENSOR RHS,BRAKE SENSOR
DICKEY TAIL LIGHT LHS,TAIL LIGHT
RADIATOR FAN ASSY,RADIATOR
ALLOY WHEEL RIM,OTHERS
REAR ABS SENSOR LHS,BRAKE SENSOR
FLYWHEEL,OTHERS
REAR DOOR WEATHERSTRIP LHS (BODY SIDE),WEATHERSTRIP
BATTERY_68AH_LEFT,BATTERY
BATTERY_74AH_LEFT,BATTERY
REAR BRAKE SHOE SET,OTHERS
CAR KEY SMART,CAR KEY
DRL RHS,OTHERS
TYRE_235/60/R18,TYRE
DICKEY DOOR LATCH,DOOR LATCH
FRONT ROOF LIGHT,FRONT ROOF
FRONT LOWER CONTROL ARM SET,CONTROL ARM
FRONT SHOCKER MOUNT,SHOCK ABSORBER
TYRE_215/55/R17,TYRE
REAR WHEEL BRAKE CYLINDER,REAR WHEEL
REAR WIPER BLADE,WIPER BLADE
STARTER MOTOR,STARTER MOTOR
STEERING RACK ASSY,STEERING RACK
FRONT WIPER BLADE SET,WIPER BLADE
SVM ADJUSTMENT SWITCH,MIRROR
TYRE_235/55/R17,TYRE
FRONT WHEEL HUB (LHS/RHS),WHEEL HUB
REAR WINDOW WEATHERSTRIP LHS OUTER,WEATHERSTRIP
AC VENT LHS,AC VENT
RADIATOR CAP,RADIATOR
IDLER PULLEY,PULLEY
AIR FILTER INLET PIPE,AIR FILTER
FRONT WINDOW WEATHERSTRIP LHS OUTER,WEATHERSTRIP
FRONT SHOCKER ASSY LHS,SHOCK ABSORBER
FRONT DOOR WEATHERSTRIP BODY SIDE (LHS/RHS),WEATHERSTRIP
TYRE_205/55/R17,TYRE
WINDOW WEATHERSTRIP SET OUTER,WEATHERSTRIP
BONNET SHOCKER,SHOCK ABSORBER
REAR WIPER ARM,REAR WIPER
WIPER WASHER PUMP,WASHER PUMP
BATTERY_55AH_LEFT,BATTERY
REAR WINDOW WEATHERSTRIP RHS OUTER,WEATHERSTRIP
FRONT LINK ROD (LHS/RHS),LINK ROD
REAR ROOF LIGHT,REAR ROOF
GEAR SHIFT CABLE,OTHERS
TAPPET COVER,OTHERS
HVAC INLET HOSE,OTHERS
TURBOCHARGER,OTHERS
EPS MODULE,OTHERS
FRONT WINDOW REGULATOR RHS,WINDOW REGULATOR
BATTERY_80AH_LEFT,BATTERY
BATTERY_35AH_BH_RIGHT,BATTERY
THERMOSTAT HOUSING,THERMOSTAT
COOLANT TANK,COOLANT
AIR FILTER OUTLET HOSE,AIR FILTER
REAR BUMPER REFLECTOR RHS,BUMPER
ENGINE UNDER COVER LHS,ENGINE UNDER
TYRE_195/55/R15,TYRE
REAR AC VENT,AC VENT
WHEEL COVER,WHEEL COVER
AIR FILTER HOUSING COVER (UPPER),AIR FILTER
NUMBER PLATE LIGHT (LHS/RHS),NUMBER PLATE
REAR BUMPER REFLECTOR LHS,BUMPER
FRONT SHOCKER BOOT (LHS/RHS),SHOCK ABSORBER
HVAC UNIT,OTHERS
FRONT POWER WINDOW MOTOR RHS,OTHERS
FRONT ABS SENSOR LHS,BRAKE SENSOR
SPARK PLUG,OTHERS
ABS MODULE,OTHERS
TYRE_155/R13LT90/89Q,TYRE
PEDAL PAD (CLUTCH & BRAKE),CLUTCH OTHER
FRONT DOOR LATCH LHS,DOOR LATCH
HAND BRAKE LEVER,HAND BRAKE
POWER WINDOW SWITCH,POWER WINDOW SWITCH
INTERCOOLER INLET HOSE,OTHERS
COWL TOP CORNER RHS,COWL TOP
REAR SEAT CUSHION LOCK,REAR SEAT
FRONT AXLE BEAM,FRONT AXLE
TYRE_185/60/R16,TYRE
BATTERY_35AH_RIGHT,BATTERY
BRAKE MASTER CYLINDER,BRAKE MASTER CYLINDER
STEERING COLUMN,STEERING COLUMN
FRONT ABS SENSOR RHS,BRAKE SENSOR
FRONT LOWER CONTROL ARM (LHS/RHS),CONTROL ARM
BATTERY CLAMP,BATTERY
BLOWER MOTOR,BLOWER MOTOR
FRONT SHOCKER ASSY RHS,SHOCK ABSORBER
BATTERY_68AH_RIGHT,BATTERY
GLOVE BOX LOWER,GLOVE BOX
TPMS SENSOR,SENSOR
FRONT WIPER MOTOR,WIPER MOTOR
GEAR SHIFT LEVER,OTHERS
AC V BELT,V BELT
REAR DOOR LATCH LHS,DOOR LATCH
GLOW PLUG,OTHERS
FUEL LID PANEL,FUEL LID
GLOVE BOX,GLOVE BOX
TYRE_215/75/R15,TYRE
FRONT CRANKSHAFT SEAL,SEAL
REAR DOOR LATCH RHS,DOOR LATCH
ANTENNA,OTHERS
GEAR LEVER BOOT,GEAR LEVER
INTERCOOLER OUTLET HOSE,OTHERS
DICKEY DOOR SWITCH,SWITCH
INSTRUMENT CLUSTER,INSTRUMENT CLUSTER
FRONT FOG LAMP COVER RHS,FOG LAMP
FRONT DRIVE AXLE SEAL LHS,SEAL
SVM MIRROR RHS,MIRROR
FRONT OUTER DOOR HANDLE RHS,DOOR HANDLE
TYRE_185/70/R15,TYRE
ANTENNA BASE,OTHERS
COOLANT ELBOW,COOLANT
FRONT DOOR WEATHERSTRIP LHS (BODY SIDE),WEATHERSTRIP
WIPER WASHER TANK,WASHER PUMP
REAR WINDOW REGULATOR RHS,WINDOW REGULATOR
AC VENT RHS,AC VENT
REAR BRAKE DISC,BRAKE DISC
REAR DOOR PANEL LHS,REAR DOOR
REAR FENDER LINING RHS,REAR FENDER
TYRE_195/60/R15,TYRE
FRONT SEAT BELT LHS,SEAT BELT
RADIATOR SUPPORT LOWER,RADIATOR
WIPER WASHER TANK CAP,WASHER PUMP
HEAD LIGHT COMBINATION SWITCH,HEADLIGHT
TYRE_235/40/R18,TYRE
REAR VIEW MIRROR,MIRROR
POWER STEERING HOSE,POWER STEERING
REAR DOOR WEATHERSTRIP BODY SIDE (LHS/RHS),WEATHERSTRIP
FRONT BRAKE DISC SET,BRAKE DISC
AIR FILTER HOUSING COVER (LOWER),AIR FILTER
REAR BUMPER BRACKET LHS,BUMPER
FENDER INDICATOR (LHS/RHS),FENDER INDICATOR
REAR BUMPER BRACKET RHS,BUMPER
FRONT OUTER DOOR HANDLE LHS,DOOR HANDLE
TYRE_225/45/R17,TYRE
CAR KEY MANUAL WITH IMMOBILISER,CAR KEY
TYRE_235/70/R16,TYRE
FRONT SEAT BELT RHS,SEAT BELT
FUEL FILTER ASSY,OTHERS
CLUTCH KIT (3 PCS),CLUTCH KIT
REAR DOOR PANEL RHS,REAR DOOR
REAR SHOCKER BOOT,SHOCK ABSORBER
TYRE_225/55/R16,TYRE
DICKEY SHOCKER RHS,SHOCK ABSORBER
TIMING CHAIN TENSIONER,TIMING CHAIN
BATTERY_66AH_LEFT,BATTERY
FRONT POWER WINDOW MOTOR LHS,OTHERS
TYRE_205/55/R15,TYRE
BONNET STAY ROD,OTHERS
FRONT BUMPER BRACKET LHS OUTER,BUMPER
EXPANSION VALVE,OTHERS
COWL TOP COVER WEATHERSTRIP,WEATHERSTRIP
COOLANT_PURPLE,COOLANT
STEPNEY BOLT,OTHERS
BATTERY_50AH_RIGHT,BATTERY
BRAKE LIGHT SWITCH,BRAKE SENSOR
SVM COVER RHS,MIRROR
CAR KEY MANUAL WITH REMOTE,CAR KEY
TYRE_135/70/R12,TYRE
REAR AXLE BEAM,OTHERS
INTERCOOLER,OTHERS
INNER DOOR HANDLE LHS (FRONT/REAR),DOOR HANDLE
TYRE_205/45/R17,TYRE
REAR FENDER LINING LHS,REAR FENDER
OIL SUMP DRAIN PLUG,OTHERS
RADIATOR FAN SHROUD,RADIATOR
FRONT BUMPER BRACKET RHS OUTER,BUMPER
TYRE_205/50/R16,TYRE
FRONT DRIVE SHAFT SEAL (LHS/RHS),SEAL
FRONT LINK ROD SET,LINK ROD
HVAC OUTLET HOSE,OTHERS
EXHAUST MANIFOLD,EXHAUST MANIFOLD
BATTERY_85AH_RIGHT,BATTERY
CYLINDER HEAD GASKET,GASKET
WIPER COMBINATION SWITCH,SWITCH
AC DIRECTION FLAP MOTOR,OTHERS
FRONT FOG LAMP COVER LHS,FOG LAMP
V BELT,V BELT
TYRE_225/55/R17,TYRE
BATTERY_100AH_LEFT,BATTERY
AIR FILTER HOUSING HOLDER,AIR FILTER
BONNET STAY ROD HOLDER,OTHERS
INTAKE MANIFOLD,INTAKE MANIFOLD
FRONT WINDOW REGULATOR LHS,WINDOW REGULATOR
REAR SHOCKER LHS,SHOCK ABSORBER
HIGH MOUNT STOP LIGHT,OTHERS
DICKEY DOOR HANDLE,DOOR HANDLE
OUTER DOOR HANDLE RHS (FRONT/REAR),DOOR HANDLE
REAR POWER WINDOW MOTOR RHS,OTHERS
REAR SHOCKER SET,SHOCK ABSORBER
AC FILTER HOLDER,AC FILTER
TYRE_295/40/R20,TYRE
TYRE_205/65/R15,TYRE
REAR SEAT BELT,SEAT BELT
COWL TOP CORNER LHS,COWL TOP
FRONT BUMPER LOWER,BUMPER
FUEL INJECTOR SEAL,FUEL INJECTOR
TYRE_155/65/R12,TYRE
HORN PAD,HORN
TIE ROD END RHS,TIE ROD
FRONT BUMPER CLADDING,BUMPER
BATTERY_90AH_RIGHT,BATTERY
FRONT WIPER LINKAGE ASSY,FRONT WIPER
THERMOSTAT,THERMOSTAT
FRONT BUMPER GRILL,BUMPER
COWL TOP PANEL,COWL TOP
RADIATOR FAN,RADIATOR
BATTERY_85AH_LEFT,BATTERY
FRONT DOOR PANEL LHS,FRONT DOOR
POWER STEERING PUMP,POWER STEERING
BONNET BUMP STOP,OTHERS
FUEL LID CABLE,FUEL LID
REAR WIPER MOTOR,WIPER MOTOR
INNER TIE ROD,TIE ROD
TYRE_155/R13LT89/88S,TYRE
FRONT FENDER CLADDING LHS,FRONT FENDER
REAR SHOCKER BUMP STOP,SHOCK ABSORBER
FRONT DOOR WEATHERSTRIP RHS (DOOR SIDE),WEATHERSTRIP
BATTERY_55AH_RIGHT,BATTERY
ENGINE OIL FILLER CAP,ENGINE OIL
WHEEL STUD,WHEEL STUD
FRONT SHOCKER BUMP STOP,SHOCK ABSORBER
REAR SHOCKER BUSH KIT,SHOCK ABSORBER
HAND BRAKE CABLE,HAND BRAKE
FRONT SEAT BELT BUCKLE RHS,SEAT BELT
SVM COVER LHS,MIRROR
SUN VISOR HOLDER (LHS/RHS),SUN VISOR
CAR KEY HOUSING,CAR KEY
DICKEY DOOR PANEL,DICKEY DOOR
FRONT KNUCKLE LHS,FRONT KNUCKLE
AC VENT (LHS/RHS),AC VENT
BATTERY_68AH_BH_LEFT,BATTERY
SVM HOUSING RHS,MIRROR
OIL FILTER ASSY,OIL FILTER
BONNET LATCH CABLE,OTHERS
FRONT LOWER CONTROL ARM BUSH (G),CONTROL ARM
PARCEL TRAY,OTHERS
OIL DIPSTICK,OTHERS
BLACK SEALENT,SEAL
TYRE_265/65/R17,TYRE
FRONT DOOR PANEL RHS,FRONT DOOR
STEERING COLUMN ASSY,STEERING COLUMN
ROOF LINING,OTHERS
REAR DRUM BRAKE,OTHERS
TYRE_145/60/R20,TYRE
TYRE_215/55/R16,TYRE
FRONT INNER DOOR HANDLE RHS,DOOR HANDLE
FRONT BUMPER SKID PLATE,BUMPER
REAR SHOCKER RHS,SHOCK ABSORBER
TIE ROD END LHS,TIE ROD
REAR POWER WINDOW MOTOR LHS,OTHERS
BATTERY_60AH_RIGHT,BATTERY
FENDER PANEL RHS,OTHERS
CAR KEY REMOTE,CAR KEY
FUEL TANK,FUEL TANK
THROTTLE BODY,THROTTLE BODY
TYRE_225/65/R17,TYRE
RADIATOR INLET HOSE,RADIATOR
BRAKE MASTER CYLINDER TANK CAP,BRAKE MASTER CYLINDER
INPUT SHAFT SEAL,SEAL
ENGINE MOUNTING D,ENGINE MOUNTING
SVM HOUSING LHS,MIRROR
SVM MIRROR LHS,MIRROR
REAR WHEEL BRAKE CYLINDER RHS,REAR WHEEL
GEAR SHIFT CABLE BUSH,BUSH KIT
FUEL FILLER CAP,FUEL FILLER
TYRE _235/55/R18,TYRE
MONOGRAM REAR (FORD),MONOGRAM
BONNET PANEL,OTHERS
REAR WINDOW REGULATOR LHS,WINDOW REGULATOR
TYRE_235/55/R19,TYRE
COMBINATION SWITCH ASSY,SWITCH
FRONT TOW HOOK COVER,OTHERS
SPEAKER 4 INCH,OTHERS
AC VENT (CENTER / LHS / RHS),AC VENT
TYRE_255/55/R19,TYRE
BATTERY,BATTERY
STEERING RACK BOOT (LHS/RHS),STEERING RACK
TYRE_155/70/R14,TYRE
ALTERNATOR V BELT,ALTERNATOR
FLOOR MAT SET,OTHERS
FUEL RAIL,OTHERS
FRONT NUMBER PLATE,NUMBER PLATE
PCV VALVE,OTHERS
BRAKE BOOSTER ASSY,OTHERS
FRONT STABILIZER BUSH,BUSH KIT
FRONT OUTER DOOR HANDLE CAP RHS,DOOR HANDLE
SPEAKER 6 INCH,OTHERS
REAR SEAT BELT LHS,SEAT BELT
FRONT WHEEL HUB LHS,WHEEL HUB
FRONT FENDER CLADDING RHS,FRONT FENDER
SUN VISOR LHS,SUN VISOR
STEERING WHEEL SWITCH,SWITCH
FRONT WIPER BLADE RHS,WIPER BLADE
PISTON RING SET,OTHERS
OIL SUMP GASKET,GASKET
DOOR CLADDING SET,DOOR CLADDING
CRUISE CONTROL SWITCH,SWITCH
RADIATOR OUTLET HOSE,RADIATOR
REAR FOG LAMP RHS,FOG LAMP
REVERSE PARKING CAMERA,OTHERS
AC COMPRESSOR PULLEY,COMPRESSOR
SILL TRIM RHS,OTHERS
TYRE_225/50/R18,TYRE
FRONT ABS SENSOR (LHS/RHS),BRAKE SENSOR
FRONT DRIVE SHAFT BOOT SET INNER,FRONT DRIVE
PARKING SENSOR (FRONT/REAR),SENSOR
PUSH START BUTTON,OTHERS
BRAKE BOOSTER,OTHERS
FRONT FOG LAMP SET,FOG LAMP
SUN VISOR RHS,SUN VISOR
FRONT DRIVE SHAFT BOOT SET OUTER,FRONT DRIVE
TYRE_215/50/R17,TYRE
COOLANT_BLUE,COOLANT
MONOGRAM (FORD),MONOGRAM
TIMING BELT,TIMING BELT
SILL TRIM LHS,OTHERS
GLASS SEALENT,GLASS
CRANKSHAFT PULLEY,PULLEY
OUTER DOOR HANDLE LHS (FRONT/REAR),DOOR HANDLE
FRONT SHOCKER ASSY (LHS/RHS),SHOCK ABSORBER
MONOGRAM (VW),MONOGRAM
REVERSE LIGHT SWITCH,SWITCH
FRONT WIPER ARM RHS,FRONT WIPER
TYRE_245/45/R17,TYRE
HEAD LIGHT DUST COVER,HEADLIGHT
FRONT LINK ROD LHS,LINK ROD
REAR SEAT BELT RHS,SEAT BELT
FRONT SHOCKER BUSH KIT,SHOCK ABSORBER
FRONT BUMPER CLADDING LHS,BUMPER
BATTERY_47AH_RIGHT,BATTERY
FRONT SHOCKER BOOT KIT,SHOCK ABSORBER
FUEL FILLER HOSE,FUEL FILLER
FENDER PANEL LHS,OTHERS
VACUUM PUMP,OTHERS
FRONT LOWER CONTROL ARM BALL JOINT (LHS/RHS),CONTROL ARM
POSITIVE BATTERY TERMINAL CAP,BATTERY
REAR NUMBER PLATE,NUMBER PLATE
FRONT OUTER CORNER TRIM RHS,OTHERS
FRONT FOG LAMP COVER SET,FOG LAMP
REAR OUTER DOOR HANDLE RHS,DOOR HANDLE
FUEL PIPE,OTHERS
TYRE_155/R13LT90/80Q,TYRE
HAND BRAKE CABLE RHS,HAND BRAKE
FUEL LID OPENER LEVER,FUEL LID
BATTERY TRAY,BATTERY
TYRE_155/R13LT90/89S,TYRE
TIMING CHAIN,TIMING CHAIN
REAR DOOR WEATHERSTRIP LHS (DOOR SIDE),WEATHERSTRIP
BULB_H1,BULB
FRONT WIPER LINKAGE,FRONT WIPER
FRONT DRIVE AXLE SEAL (LHS/RHS),SEAL
TIE ROD END (LHS/RHS),TIE ROD
TOW HOOK,OTHERS
ASHTRAY,OTHERS
REAR FOG LAMP LHS,FOG LAMP
COOLANT TANK CAP,COOLANT
HAZARD LIGHT SWITCH,SWITCH
REAR WINDSHIELD,WINDSHIELD
HEAD LIGHT (LHS/RHS),HEADLIGHT
REAR DOOR CLADDING LHS,REAR DOOR
FRONT WIPER BLADE LHS,WIPER BLADE
TYRE_215/70/R16,TYRE
AC FILTER WITH HOLDER,AC FILTER
CENTER AC VENT RHS,AC VENT
HAND BRAKE CABLE LHS,HAND BRAKE
REAR OUTER DOOR HANDLE LHS,DOOR HANDLE
STEERING COLUMN COUPLER,STEERING COLUMN
REAR WHEEL BRAKE CYLINDER LHS,REAR WHEEL
AIR FILTER PIPE OUTLET,AIR FILTER
BATTERY_38AH_LEFT,BATTERY
REAR DOOR WEATHERSTRIP RHS (DOOR SIDE),WEATHERSTRIP
FRONT OUTER CORNER TRIM LHS,OTHERS
RADIATOR MOUNTING LOWER,RADIATOR
BONNET LATCH,OTHERS
JACK SMALL,OTHERS
ALTERNATOR,ALTERNATOR
FRONT WIPER ARM LHS,FRONT WIPER
QUARTER PANEL CLADDING LHS,QUARTER PANEL
WIPER BLADE 24,WIPER BLADE
BLOWER MOTOR RESISTOR,BLOWER MOTOR
BATTERY_40AH_LEFT,BATTERY
FRONT OUTER DOOR HANDLE CAP LHS,DOOR HANDLE
CENTER AC VENT LHS,AC VENT
DICKEY INNER DOOR PANEL,OTHERS
AUTOMATIC TRANSMISSION OIL,AUTOMATIC TRANSMISSION
ACCELERATOR CABLE,OTHERS
FUEL INJECTOR,FUEL INJECTOR
HEATER INLET HOSE,OTHERS
FRONT SEAT HEAD REST (LHS/RHS),FRONT SEAT
KNOCK SENSOR,SENSOR
SPEAKER 6.5 INCH,OTHERS
FRONT WINDSHIELD MOULDING,WINDSHIELD
ANA BOND,ANA BOND
ENGINE V BELT SET,V BELT
FENDER INDICATOR LHS,FENDER INDICATOR
FRONT WIPER NOZZLE,FRONT WIPER
FRONT DRIVE SHAFT BOOT SET,FRONT DRIVE
FRONT SHOCKER BEARING,SHOCK ABSORBER
BATTERY CABLE POSITIVE,BATTERY
INNER DOOR HANDLE RHS (FRONT/REAR),DOOR HANDLE
TYRE_155/R13LT90/89R,TYRE
TYRE_155R13LT90/89Q,TYRE
COOLANT TEMPERATURE SENSOR,SENSOR
DICKEY CARDBOARD,OTHERS
FRONT LOWER CONTROL ARM BALL JOINT SET,CONTROL ARM
3RD ROW SEAT ASSY,OTHERS
BATTERY_52AH_RIGHT,BATTERY
REAR LINK ROD,LINK ROD
DICKEY DOOR GARNISH,DICKEY DOOR
HEATER OUTLET HOSE,OTHERS
MANUAL TRANSMISSION OIL,MANUAL TRANSMISSION
RELAY,RELAY
REAR COIL SPRING PAD LOWER,REAR COIL
REAR SEAT BELT ASSY,SEAT BELT
TIE ROD END SET,TIE ROD
BATTERY_54AH_LEFT,BATTERY
FRONT SHOCKER MOUNT SUPPORT,SHOCK ABSORBER
FRONT DOOR CHECK ARM (LHS/RHS),FRONT DOOR
IGNITION CABLE,IGNITION CABLE
REAR SEAT BELT BUCKLE RHS,SEAT BELT
RADIATOR FAN MOTOR RESISTOR,RADIATOR
TYRE_165/65/R13,TYRE
TYRE_145/70/R13,TYRE
REAR SEAT BELT BUCKLE LHS,SEAT BELT
SILENCER MOUNTING C,OTHERS
FRONT LOWER CONTROL ARM BUSH,CONTROL ARM
WIPER BLADE 14,WIPER BLADE
WINDOW RUN CHANNEL WEATHERSTRIP,WEATHERSTRIP
REAR OEM MONOGRAM MERCEDES,MONOGRAM
BATTERY CABLE NEGATIVE,BATTERY
DOOR SWITCH,SWITCH
REAR SHOCKER MOUNT,SHOCK ABSORBER
FRONT BUMPER CENTER MEMBER,BUMPER
ROOF MOULDING RHS,OTHERS
STEERING WHEEL,OTHERS
FLOOR CARPET,OTHERS
ENGINE OIL 5W40,ENGINE OIL
MONOGRAM (H),MONOGRAM
HAZARD TRIANGLE,OTHERS
REAR LINK ROD (LHS/RHS),LINK ROD
SPEAKER,OTHERS
REAR DOOR CLADDING RHS,REAR DOOR
FRONT DRIVE SHAFT ASSY LHS,FRONT DRIVE
STEERING WHEEL COVER,OTHERS
ROOF HANDLE,OTHERS
DICKEY DOOR WEATHERSTRIP (BODY SIDE),WEATHERSTRIP
BATTERY ROD,BATTERY
AC FLAP,OTHERS
PCV HOSE,OTHERS
BRAKE MASTER CYLINDER TANK,BRAKE MASTER CYLINDER
HVAC HOSE LIQUID,OTHERS
TIMING CHAIN COVER GASKET,TIMING CHAIN
FENDER INDICATOR RHS,FENDER INDICATOR
ENGINE UPPER COVER,OTHERS
TYRE_175/70/R13,TYRE
IGNITION CABLE SET,IGNITION CABLE
BATTERY FUSE,BATTERY
DICKEY LATCH CABLE,DICKEY LATCH
FRONT LOWER CONTROL ARM BALL JOINT RHS,CONTROL ARM
BATTERY_40AH_RIGHT,BATTERY
FRONT FENDER LINING FRONT LHS,FRONT FENDER
FENDER LINING CLIP,FENDER LINING
BATTERY_8AH_RIGHT,BATTERY
TYRE_175/60/R13,TYRE
FRONT FENDER LINING FRONT RHS,FRONT FENDER
REAR SEAT BELT BUCKLE,SEAT BELT
HOSE PIPE CLAMP,OTHERS
SILENCER B GASKET,GASKET
OIL PRESSURE SWITCH,SWITCH
WIPER BLADE 21,WIPER BLADE
FRONT BRAKE CALIPER PIN SET,BRAKE CALIPER
CLUTCH RELEASE FORK,CLUTCH OTHER
BONNET HINGE RHS,BONNET HINGE
REAR DOOR CHECK ARM (LHS/RHS),REAR DOOR
FRONT WINDOW GLASS LHS,GLASS
FRONT LINK ROD RHS,LINK ROD
GLOVE BOX LOCK,GLOVE BOX
REAR OUTER DOOR HANDLE CAP RHS,DOOR HANDLE
FENDER CLADDING SET,OTHERS
WIPER BLADE 13,WIPER BLADE
WATER PUMP PULLEY,WATER PUMP
MONOGRAM (HYUNDAI),MONOGRAM
REAR PARKING SENSOR CONTROL UNIT,SENSOR
WIPER BLADE 22,WIPER BLADE
TIMING CHAIN GUIDE,TIMING CHAIN
WINDOW REGULATOR HANDLE (FRONT/REAR),WINDOW REGULATOR
BONNET HINGE LHS,BONNET HINGE
BATTERY_36AH_LEFT,BATTERY
BATTERY_12AH_RIGHT,BATTERY
COOLANT_RED,COOLANT
FRONT INNER DOOR PANEL RHS,OTHERS
FRONT LOWER CONTROL ARM BALL JOINT BOOT,CONTROL ARM
WHEEL CAP,OTHERS
FRONT BUMPER BRACKET LHS,BUMPER
STEERING RACK BOOT RHS,STEERING RACK
OIL PUMP,OIL PUMP
REAR COIL SPRING PAD UPPER,REAR COIL
STEERING WHEEL SWITCH RHS,SWITCH
FRONT BUMPER BRACKET RHS,BUMPER
SVM INNER COVER LHS,MIRROR
DOOR LOCK KNOB,OTHERS
ANTENNA SMALL,OTHERS
MONOGRAM,MONOGRAM
ROOF MOULDING LHS,OTHERS
WORM SHAFT,OTHERS
FRONT OEM MONOGRAM RENAULT,MONOGRAM
AC COMPRESSOR OIL,COMPRESSOR
BULB_D1S,BULB
BONNET OPENER LEVER,OTHERS
SILENCER MOUNTING B,OTHERS
STARTER MOTOR DRIVE ASSY,STARTER MOTOR
FUSE BOX COVER,FUSE
QUARTER PANEL CLADDING RHS,QUARTER PANEL
TIE ROD END RHS (WITH INNER TIE ROD),TIE ROD
DICKEY LIGHT,OTHERS
FRONT INNER DOOR HANDLE LHS,DOOR HANDLE
MONOGRAM (SUNNY),MONOGRAM
REAR DOOR LATCH,DOOR LATCH
STARTER MOTOR SOLENOID,STARTER MOTOR
WIPER BLADE 26,WIPER BLADE
REAR CENTER SEAT BELT,SEAT BELT
OIL SEPARATOR,OIL SEPARATOR
MONOGRAM (RENUALT),MONOGRAM
COOLANT_PINK,COOLANT
REAR LOWER CONTROL ARM,CONTROL ARM
REAR INNER DOOR HANDLE RHS,DOOR HANDLE
FRONT DOOR CHECK ARM RHS,FRONT DOOR
PEDAL STOPPER (BRAKE & CLUTCH),CLUTCH OTHER
FRONT BUMPER BRACKET LHS INNER,BUMPER
WHEEL SPANNER 19,WHEEL SPANNER
PILOT BEARING,OTHERS
WIPER BLADE 12,WIPER BLADE
WIPER BLADE 20,WIPER BLADE
FRONT WHEEL BEARING SET,WHEEL BEARING
REAR STABILIZER BAR,REAR STABILIZER
FRONT DOOR WEATHERSTRIP LHS (DOOR SIDE),WEATHERSTRIP
FRONT OUTER DOOR HANDLE,DOOR HANDLE
MONOGRAM (S),MONOGRAM
FRONT BUMPER CLADDING RHS,BUMPER
REAR POWER WINDOW SWITCH LHS,POWER WINDOW SWITCH
TYRE_145/70/R12,TYRE
BULB_D8S,BULB
REAR INNER DOOR PANEL LHS,OTHERS
HORN SET,HORN
OIL COOLER GASKET,GASKET
FRONT SEAT BELT BUCKLE LHS,SEAT BELT
SVM MOTOR RHS,MIRROR
REAR INNER DOOR PANEL RHS,OTHERS
MUDFLAP SET,MUDFLAP
BATTERY TERMINAL POSITIVE,BATTERY
WATER PUMP GASKET,WATER PUMP
BOLT,OTHERS
CAR KEY HOUSING MAX,CAR KEY
MONOGRAM (JEEP),MONOGRAM
DICKEY MOUNTED TAIL LIGHT,TAIL LIGHT
FRONT LOWER CONTROL ARM BALL JOINT LHS,CONTROL ARM
FRONT BRAKE CALIPER RHS,BRAKE CALIPER
STEERING WHEEL SWITCH LHS,SWITCH
ANTENNA INTERNAL (WIRED),OTHERS
CLAMP (STEERING RACK BOOT),STEERING RACK
MONOGRAM (TOYOTA),MONOGRAM
BULB_H11,BULB
COWL TOP COVER RHS,COWL TOP
TRANSMISSION OIL DRAIN PLUG,TRANSMISSION OIL
FRONT DOOR CLADDING RHS,FRONT DOOR
BONNET SHOCKER SET,SHOCK ABSORBER
AC VENT (CENTER RHS / RHS),AC VENT
JACK,OTHERS
12V POWER SOCKET,OTHERS
FRONT BUMPER BRACKET RHS INNER,BUMPER
REAR POWER WINDOW SWITCH RHS,POWER WINDOW SWITCH
BRAKE OIL DOT 4,BRAKE OIL
FRONT INNER DOOR PANEL LHS,OTHERS
JACK LARGE,OTHERS
DICKEY SCUFF TRIM,OTHERS
REAR WINDSHIELD MOLDING,WINDSHIELD
COOLANT_GREEN,COOLANT
FRONT BUMPER BRACKET SET OUTER,BUMPER
KNOB (AC CONTROL UNIT),OTHERS
BULB_H8,BULB
FRONT STABILIZER BAR,FRONT STABILIZER
FRONT BRAKE CALIPER PIN,BRAKE CALIPER
CLUTCH MASTER CYLINDER TANK,CLUTCH CYLINDER
TYRE VALVE,TYRE
MDPS GREASE,OTHERS
REAR ROOF HANDLE,REAR ROOF
FRONT ROOF HANDLE LHS,FRONT ROOF
ENGINE_OIL_TREATMENT,ENGINE OIL
FUEL LEVEL SENSOR,SENSOR
REAR WIPER NOZZLE,REAR WIPER
MONOGRAM (ECOSPORT),MONOGRAM
CLUTCH PEDAL STOPPER,CLUTCH OTHER
THERMOSTAT GASKET,THERMOSTAT
REAR WINDOW REGULATOR HANDLE,WINDOW REGULATOR
BULB_HB3,BULB
SVM INNER COVER RHS,MIRROR
MONOGRAM (T),MONOGRAM
FRONT SHOCKER MOUNT KIT,SHOCK ABSORBER
FRONT SEAT RECLINER LEVER RHS,FRONT SEAT
UNIVERSAL BEARING,WHEEL BEARING
ANTENNA WIRED,OTHERS
REAR INNER DOOR HANDLE LHS,DOOR HANDLE
EXHAUST MANIFOLD GASKET,GASKET
GLOW PLUG RELAY,RELAY
WIPER WASHER FLUID,WASHER PUMP
JACK ROD,JACK ROD
JACK ROD LARGE,JACK ROD
COOLANT_YELLOW,COOLANT
STEERING RACK BOOT LHS,STEERING RACK
REAR OUTER DOOR HANDLE CAP LHS,DOOR HANDLE
FRONT LOWER CONTROL ARM BUSH (A),CONTROL ARM
MONOGRAM (KWID),MONOGRAM
GREASE_10G,OTHERS
OIL FILTER STUD,OIL FILTER
REAR ROOF HANDLE RHS,REAR ROOF
REAR ROOF HANDLE LHS,REAR ROOF
FRONT FENDER LINING REAR LHS,FRONT FENDER
REAR DOOR CHECK ARM RHS,REAR DOOR
MONOGRAM RENAULT KWID RXT PETROL,MONOGRAM
BONNET INSULATOR,OTHERS
ROOF LIGHT BULB,BULB
AC FILTER SET,AC FILTER
MONOGRAM (GRAND I10),MONOGRAM
FRONT DOOR CLADDING LHS,FRONT DOOR
CHARCOAL CANISTER,OTHERS
MONOGRAM HYUNDAI GRAND I10 ASTA,MONOGRAM
BATTERY TERMINAL,BATTERY
BULB_H4,BULB
BRAKE PEDAL PAD,BRAKE PEDAL
BULB_H16,BULB
STEERING RACK BOOT SET,STEERING RACK
WIPER BLADE 16,WIPER BLADE
BATTERY TERMINAL NEGATIVE,BATTERY
POWER RELAY ASSY,RELAY
BRAKE OIL DOT 3,BRAKE OIL
TIMING CHAIN COVER,TIMING CHAIN
INDICATOR RELAY,RELAY
REAR DOOR CHECK ARM LHS,REAR DOOR
FRONT COIL SPRING,FRONT COIL
INTAKE MANIFOLD GASKET,GASKET
MONOGRAM HYUNDAI I10 MAGNA PETROL,MONOGRAM
REAR WIPER ARM ASSY,REAR WIPER
MONOGRAM FORD FIGO ASPIRE TITANIUM,MONOGRAM
BULB H27,BULB
FRONT SEAT RECLINER KNOB RHS,FRONT SEAT
FRONT DOOR CHECK ARM LHS,FRONT DOOR
AC COMPRESSOR BRACKET,COMPRESSOR
FRONT SEAT HEAD REST RHS,FRONT SEAT
ENGINE UPPER COVER BUSH,BUSH KIT
TURBOCHARGER GASKET,GASKET
POWER RELAY,RELAY
WIPER NOZZLE,WIPER NOZZLE
ANTENNA LARGE,OTHERS
BONNET INSULATOR CLIP,OTHERS
MONOGRAM HYUNDAI I20 MAGNA 1.2,MONOGRAM
MONOGRAM HYUNDAI EON MAGNA +,MONOGRAM
MONOGRAM (RENAULT),MONOGRAM
LINK ROD BOOT,LINK ROD
PUDDLE LAMP,PUDDLE LAMP
FRONT STABILIZER BUSH RHS,BUSH KIT
FRONT MUDFLAP LHS,MUDFLAP
AC RELAY,RELAY
RELAY (20A),RELAY
FRONT UPPER CONTROL ARM BALL JOINT,CONTROL ARM
MONOGRAM NISSAN FRONT,MONOGRAM
MONOGRAM HYUNDAI ELITE I20 ASTA,MONOGRAM
MONOGRAM (G),MONOGRAM
MONOGRAM MARUTI SUZUKI WAGON R 1.0 LXI,MONOGRAM
HEAD LIGHT BULB WITH HOLDER,HEADLIGHT
REAR UPPER CONTROL ARM BUSH,CONTROL ARM
FLOOR DRAIN PLUG,OTHERS
BULB_W21W,BULB
DOOR CHECK ARM (FRONT/REAR),OTHERS
MONOGRAM (FABIA),MONOGRAM
CAR KEY MANUAL W/O IMMOBILISER,CAR KEY
FRONT OEM MONOGRAM HONDA (H),MONOGRAM
RADIATOR OUTLET PIPE,RADIATOR
FRONT BUMPER MONOGRAM,BUMPER
FRONT STABILIZER BUSH LHS,BUSH KIT
MONOGRAM MARUTI SUZUKI ALTO 800 LXI,MONOGRAM
WIPER BLADE 18,WIPER BLADE
CLUTCH PEDAL,CLUTCH OTHER
EVAPORATOR SENSOR,EVAPORATOR
WHEEL SPANNER 17,WHEEL SPANNER
NUMBER PLATE LIGHT RHS,NUMBER PLATE
WIPER BLADE 10,WIPER BLADE
MONOGRAM HYUNDAI GRAND I10 MAGNA,MONOGRAM
MONOGRAM (TITANIUM),MONOGRAM
FOG LAMP CONNECTOR,FOG LAMP
GRAY SEALENT,SEAL
BATTERY CELL CR2032,BATTERY
WIPER BLADE RUBBER,WIPER BLADE
NUMBER PLATE LIGHT LHS,NUMBER PLATE
FRONT SCUFF TRIM LHS,OTHERS
FRONT OEM MONOGRAM,MONOGRAM
FRONT MUDFLAP RHS,MUDFLAP
MONOGRAM S (FRONT),MONOGRAM
MONOGRAM (MAGNA),MONOGRAM
RELAY 12V,RELAY
RADIATOR FLUSH,RADIATOR
OIL SEPARATOR OULET HOSE,OIL SEPARATOR
WHEEL SPANNER SOCKET 21 NO.,WHEEL SPANNER
WIPER PIPE,OTHERS
REAR STABILIZER BUSH,BUSH KIT
MONOGRAM RENAULT KWID RXT OPT,MONOGRAM
WHEEL SPANNER,WHEEL SPANNER
BULB SOCKET,BULB
WHEEL SPANNER 16,WHEEL SPANNER
SVM RELAY,MIRROR
MONOGRAM (CHEVROLET),MONOGRAM
MONOGRAM HYUNDAI REAR (H),MONOGRAM
FRONT SEAT HEAD REST LHS,FRONT SEAT
BATTERY CELL CR1632,BATTERY
HOSE CLAMP (AIR FILTER INLET),AIR FILTER
WIPER BLADE 11,WIPER BLADE
HOSE CLAMP,HOSE CLAMP
BULB_P43,BULB
BULB_H7,BULB
RADIATOR FAN RELAY,RADIATOR
JACK ROD MEDIUM,JACK ROD
MONOGRAM HONDA AMAZE 1.2 S,MONOGRAM
FUSE 40 AMPERE BIG,FUSE
MONOGRAM (BALENO),MONOGRAM
MONOGRAM (I-VTEC),MONOGRAM
BATTERY CELL CR1620,BATTERY
MONOGRAM (CITY),MONOGRAM
PRESS BULB SMALL,BULB
MONOGRAM (XZA),MONOGRAM
SINGLE POINT BULB,BULB
BULB_T21,BULB
MONOGRAM (BRIO),MONOGRAM
STEERING RACK BUSH,BUSH KIT
MONOGRAM ( MARUTI SUZUKI),MONOGRAM
CLAMP,OTHERS
FRONT SCUFF TRIM RHS,OTHERS
FRONT STABILIZER BUSH CLAMP,BUSH KIT
FRONT WINDOW REGULATOR HANDLE,WINDOW REGULATOR
REAR OEM MONOGRAM,MONOGRAM
O RING (AC COMPRESSOR),COMPRESSOR
CLAMP (FUEL FILLER HOSE),CLAMP FUEL
BONNET STOPPER RUBBER,OTHERS
BATTERY BOLT,BATTERY
MONOGRAM (ALTO 800),MONOGRAM
HEADLIGHT BULB SOCKET,BULB
WINDSHIELD WASHER TABLET,WASHER PUMP
MICRO_RELAY_12V_15AH_4PIN,RELAY
NUT,OTHERS
CLUTCH PEDAL RETURN SPRING,CLUTCH OTHER
FRONT SEAT RECLINER LEVER LHS,FRONT SEAT
MONOGRAM HYUNDAI,MONOGRAM
MONOGRAM VXi,MONOGRAM
DOUBLE POINT BULB,BULB
BULB HOLDER,BULB
BULB_H3,BULB
VACUUM PUMP GASKET,GASKET
EGR VALVE GASKET,GASKET
ACCELERATOR PEDAL PAD,ACCELERATOR PEDAL
2ND ROW SEAT RECLINER KNOB RHS,OTHERS
TIE ROD END BOOT,TIE ROD
BULB_T20,BULB
MONOGRAM (VOLKSWAGEN),MONOGRAM
MONOGRAM (DATSUN),MONOGRAM
SEALENT,SEAL
SVM MOTOR LHS,MIRROR
TYRE_205/40/R17,TYRE
TYRE_155/R13LT8PR,TYRE
TYRE_155/80/R14,TYRE
FRONT WINDOW WEATHERSTRIP LHS INNER,WEATHERSTRIP
WIPER L JOINT,OTHERS
FRONT SEAT RECLINER KNOB LHS,FRONT SEAT
FRONT OEM MONOGRAM DATSUN,MONOGRAM
ENGINE,OTHERS
CYLINDER BLOCK,OTHERS
CENTRAL LOCKING ACTUATOR,OTHERS
BULB_D4S,BULB
CAR KEY - BILASPUR NC,CAR KEY
TYRE_235/45/R18,TYRE
BOLT 8MM,OTHERS
MONOGRAM RENAULT DUSTER 110 PS,MONOGRAM
FRONT FENDER MONOGRAM,MONOGRAM
CARBURETTOR SPRAY CLEANER,OTHERS
FOG LAMP BULB H27,FOG LAMP
WIPER BLADE,WIPER BLADE
BATTERY (MLDIN50),BATTERY
CONNECTOR,OTHERS
MONOGRAM HONDA BRIO VX MT,MONOGRAM
HALOGEN BULB (12V 21W),BULB
AIR FILTER HOSE INLET,AIR FILTER
BULB (H11) (12V 55W) (KOITO),BULB
DASHBOARD,OTHERS
CLAMP (RADIATOR HOSE),RADIATOR
WATER PUMP ASSY,WATER PUMP
MONOGRAM VOLKSWAGEN AMEO COMFORTLINE PETROL,MONOGRAM
BATTERY (574102069),BATTERY
GEAROIL_75W90_1L,OTHERS
DICKEY TRIM,OTHERS
MONOGRAM (W6),MONOGRAM
WHEEL STUD & NUT,WHEEL STUD
WHEEL BALANCING WEIGHT 5GM,WHEEL BALANCING
BULB_W5W_12V-T10_5W,BULB
REAR INNER DOOR HANDLE,DOOR HANDLE
COMPRESSOR BOLT,COMPRESSOR
BOOT CLAMP,OTHERS
MONOGRAM (ERA),MONOGRAM
HALOGEN_BULB_H1_12V_55W,BULB
FEVI QUICK BIG,OTHERS
GEAR OIL EP 140 (1L),GEAR OIL
NUT 14,OTHERS
HALOGEN_BULB_12V_35W,BULB
MONOGRAM (ETIOS),MONOGRAM
MONOGRAM MAHINDRA MARAZZO M6 DIESEL,MONOGRAM
MONOGRAM (W8),MONOGRAM
MONOGRAM HONDA JAZZ V CVT,MONOGRAM
MONOGRAM TATA TIAGO REVOTRON XZ,MONOGRAM
MONOGRAM HYUNDAI I20 SPORTZ 1.4,MONOGRAM
THERMOSTAT CLAMP,THERMOSTAT
MONOGRAM (SANTRO),MONOGRAM
Gear Oil 80W90 (2L) (Maximile),GEAR OIL
FRONT DOOR HINGE LHS,FRONT DOOR
HALOGEN BULB (12V 55W-H11),BULB
ANA BOND 100GM,ANA BOND
H4 BULB HOLDER,BULB
TAPPET COVER WASHER,WASHER PUMP
MONOGRAM XUV 500 W7,MONOGRAM
FUSE 25 AMPERE SMALL,FUSE
ANTENNA ASSY,OTHERS
BATTERY (MLDIN55),BATTERY
TIE CLIP 380 X 7.6,TIE CLIP
FRONT DOOR WEATHERSTRIP,WEATHERSTRIP
MONOGRAM HYUNDAI VERNA 1.6 VTVT,MONOGRAM
BATTERY_74AH _LEFT,BATTERY
BULB_TAIL_LIGHT_12V_21/5W,BULB
ROOF LIGHT BULB LED 39MM,BULB
MONOGRAM HYUNDAI VERNA 1.4 VTVT,MONOGRAM
EXHAUST MANIFOLD COVER,EXHAUST MANIFOLD
ENGINE_OIL_10W40_3.5L,ENGINE OIL
HAZARD LIGHT RELAY,RELAY
BULB HB3,BULB
FENDER LINING CLIP HYUNDAI,FENDER LINING
BULB_T-15_12V_10W,BULB
MONOGRAM TATA ZEST XMS PETROL,MONOGRAM
TRANSMISSION FLUID_4L,OTHERS
TIE CLIP 368 X 4.8,TIE CLIP
MONOGRAM THAR CRDE,MONOGRAM
MONOGRAM ( AMEO ),MONOGRAM
GEAR SHIFT RELAY LEVER,RELAY
FRONT WIPER ARM,FRONT WIPER
BATTERY (66S55LS),BATTERY
HALOGEN BULBS,BULB
GEAR OIL 80W90,GEAR OIL
NUMBER PLATE LIGHT,NUMBER PLATE
GEAROIL_GL-4_EP-90_1L,GEAROIL GL
BUZZER,OTHERS
REAR ABS SENSOR (LHS/RHS),BRAKE SENSOR
BULB_T4W,BULB
REAR DOOR HANDLE,DOOR HANDLE
WHEEL SPANNER 18,WHEEL SPANNER
HALOGEN_BULB_H7_12V_55W,BULB
ROOF ASSEMBLY,OTHERS
MONOGRAM (POWERED BY),MONOGRAM
MONOGRAM MARUTI SUZUKI DZIRE LXI,MONOGRAM
ENGINE_OIL_20W40_3L,ENGINE OIL
MONOGRAM TATA NEXON XMA AMT,MONOGRAM
TYRE VALVE MEDIUM,TYRE
BATTERY (MLDIN60),BATTERY
CLAMP (EXHAUST PIPE),OTHERS
ALTERNATOR ASSEMBLY,ALTERNATOR
STARTER MOTOR REPAIR KIT,STARTER MOTOR
TYRE_145/R12LT80S,TYRE
BULB (SUNVISOR RHS),BULB
BATTERY (75D23LH),BATTERY
WIRE,OTHERS
Longlife bulb,BULB
CAR KEY (REMOTE),CAR KEY
BRAKE_FLUID_100ML,BRAKE FLUID
MONOGRAM SKODA RAPID AMBITION PLUS,MONOGRAM
BRAKE OIL DOT3,BRAKE OIL
ENGINE GASKET SET,GASKET
AC CONTROL UNIT ASSEMBLY,AC CONTROL
TYRE_POLISH_500,TYRE
AEROSOL_SPRAY_400ML,OTHERS
HEAD LIGHT LED BULB H4,HEADLIGHT
REAR WIPER ARM CAP,REAR WIPER
BATTERY CLAMP POSITIVE,BATTERY
FUSE 15 AMPERE SMALL,FUSE
BOOT CLAMP (FRONT DRIVE SHAFT),OTHERS
BULB_W5W_12V_5W,BULB
MONOGRAM HYUNDAI I20 ASTA 1.2,MONOGRAM
MONOGRAM (VXI+),MONOGRAM
BULB (21/5 W 12V),BULB
MONOGRAM (TDCi),MONOGRAM
FRONT BRAKE DISC LHS,BRAKE DISC
FRONT SUSPENSION,OTHERS
MONOGRAM (TOURING),MONOGRAM
WIPER_BLADE_19_FIRST_VF12,WIPER BLADE
BULB_H8_12V,BULB
MONOGRAM (ASPIRE),MONOGRAM
SPRAY PAINT WHITE,SPRAY PAINT
WEDGE_BULB_T15_12V_10W,BULB
CLAMP (AIR FILTER HOUSING),AIR FILTER
RUST SPRAY,OTHERS
MONOGRAM (PULSE),MONOGRAM
MONOGRAM SKODA OCTAVIA AMBITION 2.0,MONOGRAM
MONOGRAM MARUTI SUZUKI SWIFT,MONOGRAM
FRONT OUTER DOOR HANDLE ASSY,DOOR HANDLE
FUSE 30 AMPERE SMALL,FUSE
WEDGE_BULB_T10_12V_3.4W,BULB
H7 HALOGEN BULB 12V 55W,BULB
BATTERY CELL CR1216,BATTERY
SPRING WASHER M10,WASHER PUMP
WIPER BLADE FLAT 11,WIPER BLADE
FRONT DOOR LATCH,DOOR LATCH
MONOGRAM HYUNDAI VERNA 1.6 CRDI,MONOGRAM
MONOGRAM MAHINDRA XUV500 W6 DIESEL,MONOGRAM
BOLT 10X30,OTHERS
FRONT SEAT ASSY,FRONT SEAT
RADIATOR CLAMP,RADIATOR
MONOGRAM (TUV 300),MONOGRAM
FRONT BUMPER UPPER,BUMPER
TYRE_265/50/R19,TYRE
TYRE_245/40/R18,TYRE
DIESEL EXHAUST FLUID,OTHERS
PUNCTURE STRIP,OTHERS
CROCODILE PIN,OTHERS
REAR BUMPER LOWER TRIM,BUMPER
MONOGRAM MARUTI SUZUKI BALENO SIGMA,MONOGRAM
BATTERY_32AH_RIGHT,BATTERY
DAY TIME RUNNING LIGHT,OTHERS
CLAMP (WIPER HOSE),OTHERS
CLIPS,OTHERS
ROOF HANDLE & HOOK,OTHERS
BULB CLEAR 12V-21W,BULB
REAR WINDOW GLASS LHS,GLASS
MONOGRAM (KUV 100 NXG),MONOGRAM
FRONT MUD FLAP,OTHERS
MONOGRAM HYUNDAI GRAND I10 NIOS,MONOGRAM
BULB_C10W_6V_10W,BULB
RELAY 20/1,RELAY
MONOGRAM A-STAR,MONOGRAM
WIPER_BLADE_12,WIPER BLADE
WIPER NOZZLE 3 EYE,WIPER NOZZLE
BULB_H4_12V_60/55W,BULB
NUMBER PLATE SET,NUMBER PLATE
REAR DOOR WEATHERSTRIP (BODY SIDE),WEATHERSTRIP
MONOGRAM CHEVROLET SPARK PS 1.0L,MONOGRAM
TEFLON TAPE,OTHERS
HEAD LIGHT BULB SOCKET,HEADLIGHT
BRAKEOIL_DOT3_250ML,OTHERS
MONOGRAM (EASY-R),MONOGRAM
ROOF PANEL,OTHERS
HOSE CLAMP 7.5MM (8-12),HOSE CLAMP
BULB_W16W_12V_16W,BULB
MONOGRAM (EX),MONOGRAM
MONOGRAM SANTRO 1.1 SPORTZ PETROL CNG,MONOGRAM
MONOGRAM FORD ECOSPORT AMBIENTE 1.5L,MONOGRAM
ENGINE_OIL_10W40_1L,ENGINE OIL
GREASE,OTHERS
MONOGRAM (TATA),MONOGRAM
MONOGRAM HYUNDAI CRATA 1.6 E+,MONOGRAM
FUSE 7.5 AMPERE BIG,FUSE
WIPER BLADE SET,WIPER BLADE
AUTOMATIC_TRANSMISSION_FLUID_4LITRE,AUTOMATIC TRANSMISSION
WIPER BLADE FLAT 23,WIPER BLADE
MONOGRAM OMNI,MONOGRAM
DRAIN PLUG WASHER 14MM,WASHER PUMP
OIL SUMP,OTHERS
TYRE_DUELER_A/T,TYRE
WINDOW REGULATOR & MOTOR,WINDOW REGULATOR
SLAVE CYLINDER,OTHERS
WIRE 4MM,OTHERS
ENGINE MOUNTING BUSH,BUSH KIT
FUEL INJECTOR CLAMP WASHER,WASHER PUMP
MONOGRAM (CIAZ),MONOGRAM
MONOGRAM HONDA CITY V DIESEL,MONOGRAM
REAR MUDFLAP SET,MUDFLAP
MONOGRAM (LX),MONOGRAM
MONOGRAM MARUTI SUZUKI RITZ ZXI,MONOGRAM
BOLT 10X18,OTHERS
TYRE POLISH,TYRE
MONOGRAM VOLKSWAGEN AMEO TRENDLINE 1.5L,MONOGRAM
ENGINE OIL SUMP LOWER,ENGINE OIL
MONOGRAM VOLKSWAGEN VENTO HIGHLINE DIESEL,MONOGRAM
GEAR_OIL_80W-90_1L,GEAR OIL
PILLAR LIGHT,OTHERS
SCREW 8X9.5 MM,OTHERS
COOLANT_1L,COOLANT
TYRE,TYRE
RELAY (COOLING FAN),RELAY
MONOGRAM HYUNDAI I10 ERA PETROL,MONOGRAM
MONOGRAM POLO TRENDLINE,MONOGRAM
"SUSPENSION, STEERING & BRAKE",OTHERS
AC GAS (10 KG),AC GAS
BULB 21/5W 12V,BULB
INTERCOOLER HOSE CLAMP,OTHERS
BRAKE_FLUID_DOT4_500ML,BRAKE FLUID
MONOGRAM HYUNDAI EON D LITE+ PETROL,MONOGRAM
SCREW 10X16 MM,OTHERS
Titanium Monogram,MONOGRAM
3RD ROW HEAD REST,OTHERS
MONOGRAM TOYOTA COROLLA ALTIS VL,MONOGRAM
NUT BOLT 12 INCH,NUT BOLT
BULB_H8_12V_35W_Platinum_+100%,BULB
WIPER BLADE FLAT 16,WIPER BLADE
FRONT PARKING SENSOR,SENSOR
TYRE_255/50/R19,TYRE
TYRE_165/60/R13,TYRE
BULB_PY21W,BULB
RIVET,OTHERS
FRONT PARKING SENSOR CONTROL UNIT,SENSOR
FRONT SHOCKER BOOT RHS,SHOCK ABSORBER
BULB T15,BULB
REAR KNUCKLE RHS,REAR KNUCKLE
BRAKE OIL,BRAKE OIL
MONOGRAM HYUNDAI SANTRO XING XP,MONOGRAM
BUMPER CLIP HYUNDAI,BUMPER
HVAC SUB ASSY & COMPONENT,OTHERS
FRONT INNER DOOR HANDLE,DOOR HANDLE
NUT BOLT,NUT BOLT
MONOGRAM HYUNDAI I10 ERA KAPPA,MONOGRAM
MONOGRAM VOLKSWAGEN AMEO TDI,MONOGRAM
TRANSMISSION OIL / FLUIDS,TRANSMISSION OIL
TYRE_245/60/R18,TYRE
MONOGRAM MARUTI SUZUKI IGNIS ZETA,MONOGRAM
MONOGRAM MARUTI SUZUKI ERTIGA VXI,MONOGRAM
BULB_D4R_85V_35W,BULB
ENGINE_OIL_0W20_1L,ENGINE OIL
MONOGRAM MAHINDRA XUV500 W10 AWD,MONOGRAM
ELECTRIC_HORN_SET_S-90,HORN
CLAMP (AIR FILTER PIPE OUTLET),AIR FILTER
CAR KEY & HOUSING,CAR KEY
MONOGRAM FORD FREESTYLE TITANIUM,MONOGRAM
TYRE_255/55/R18,TYRE
MONOGRAM MARUTI SUZUKI DZIRE VXI,MONOGRAM
BULB_HB3_9005_12V_55W,BULB
WIPER BLADE 19,WIPER BLADE
W5W Bulb 12V 5W (Single Bulb),BULB
BULB_D1S_35W_PK32D-2,BULB
MONOGRAM (GL),MONOGRAM
BATTERY (55SDIN65LH),BATTERY
BATTERY BRACKET,BATTERY
CLAMP (RADIATOR HOSE INLET),RADIATOR
HOSE CLAMP 9MM (12-22),HOSE CLAMP
MONOGRAM FORD FIGO TITANIUM 1.2,MONOGRAM
CLUTCH TUBE,CLUTCH OTHER
CHAMBER BOLT,OTHERS
MONOGRAM NISSAN SUNNY XV PETROL,MONOGRAM
DOOR CLADDING,DOOR CLADDING
BATTERY_14AH_RIGHT,BATTERY
MONOGRAM TATA TIAGO REVOTORQ XT,MONOGRAM
MONOGRAM CHEVROLET BEAT LS,MONOGRAM
BODY,OTHERS
MONOGRAM SKODA RAPID ELEGANCE 1.6,MONOGRAM
INPUT SHAFT BEARING,WHEEL BEARING
HEAD LIGHT HOLDER,HEADLIGHT
BULB_1016_12V_21/5W,BULB
TYRE_225/50/R17,TYRE
MONOGRAM HONDA CITY VX PETROL,MONOGRAM
TRANSMISSION & CLUTCH,CLUTCH OTHER
BOLT 3/4 INCH,OTHERS
MONOGRAM (RXT),MONOGRAM
SINGLE BULB H8 (12V 35W),BULB
GEAROIL_85W140_1L,OTHERS
FRONT FOG LIGHT BULB,BULB
TYRE_275/40/R19,TYRE
FRONT MONOGRAM (FORD),MONOGRAM
AC GAS & PIPE,AC GAS
ALTERNATOR PULLEY,ALTERNATOR
ENGINE_OIL_20W50_3L,ENGINE OIL
WIPER BLADE FLAT 13,WIPER BLADE
CELLO TAPE (2X40),OTHERS
CELLO TAPE (2X150),OTHERS
BULB,BULB
ANTEENA WIRED,OTHERS
APOLLO TYRE,TYRE
FUSE 15 AMPERE BIG,FUSE
MONOGRAM HONDA AMAZE 1.2 V,MONOGRAM
BATTERY_65A_LEFT,BATTERY
SPACER (DICKEY SHOCKER),SHOCK ABSORBER
BUMPER CLIP,BUMPER
POWER STEERING PUMP ASSY,POWER STEERING
BULBS,BULB
CLUTCH DISC & SET,CLUTCH OTHER
ALLOY WHEEL BALANCING WEIGHT 30GM,ALLOY WHEEL
REAR FOG LAMP BULB HOLDER,FOG LAMP
MONOGRAM RxE,MONOGRAM
STEERING COLUMN SWITCH,STEERING COLUMN
H1 Halogen Bulb 12V 100W (Single Bulb),BULB
MONOGRAM (ELANTRA),MONOGRAM
COWL PANEL & COVER,OTHERS
ACCELERATOR CABLE CLAMP,OTHERS
MONOGRAM VOLKSWAGEN POLO TDI,MONOGRAM
TYRE_145/R12LT86/84R,TYRE
TYRE_255/60/R17,TYRE
AC GAS BOTTLE,AC GAS
WHEEL BALANCING WEIGHT 80GM,WHEEL BALANCING
FRONT LINK ROD ASSY,LINK ROD
MONOGRAM (HEXA),MONOGRAM
BULB_D5S_12V_25W,BULB
TAIL LIGHT BULB SOCKET PLATE RHS,TAIL LIGHT
HOSE CLAMP 90MM,HOSE CLAMP
GLOVE BOX ASSEMBLY,GLOVE BOX
SPRAY PAINT RED,SPRAY PAINT
BATTERY (DIN44R),BATTERY
HORN RELAY,HORN
SUN VISOR HOLDER RHS,SUN VISOR
BATTERY CELL CR2025,BATTERY
GENERAL SERVICE,OTHERS
FRONT AXLE BEAM ASSY,FRONT AXLE
MONOGRAM FORD ECOSPORT TREND 1.5L,MONOGRAM
RADIATOR FAN BLADE,RADIATOR
BATTERY (MLDIN50L),BATTERY
HOSE CLAMP (50-70MM),HOSE CLAMP
MONOGRAM TOYOTA COROLLA ALTIS 1.8,MONOGRAM
COOLANT_3L,COOLANT
BULB_W16W_12V,BULB
SPRING WASHER M8,WASHER PUMP
ABRO_LUBRICANT_SPRAY_400ML,OTHERS
MONOGRAM HONDA CIVIC 1.8 I-VTEC,MONOGRAM
THROTTLE BODY GASKET,THROTTLE BODY
MONOGRAM ALTO 800 LXI CNG,MONOGRAM
SCUFF TRIMS,OTHERS
MONOGRAM (TIGOR),MONOGRAM
WIPER BLADE FLAT 20,WIPER BLADE
TRANSMISSION OIL (AT OIL),TRANSMISSION OIL
HEAD LIGHT INDICATOR BULB,HEADLIGHT
BULB (12V 21W),BULB
ROOF LIGHT BULB LED 33MM,BULB
MONOGRAM HYUNDAI ELITE I20 MAGNA,MONOGRAM
ECU RELAY,RELAY
NUT M6,OTHERS
MONOGRAM TATA NEXON XE PETROL,MONOGRAM
MONOGRAM (XTA),MONOGRAM
MONOGRAM ( TITANIUM ),MONOGRAM
CHAMBER NUT 17,CHAMBER NUT
RELAY 12V/20A,RELAY
HALOGEN_BULB_H8_12V_35W,BULB
ENGINE COVER,OTHERS
TRANSMISSION OIL CVT ( HCF-2 ) 946ML,TRANSMISSION OIL
TYRE_215/45/ZR17,TYRE
MONOGRAM (SPORTZ),MONOGRAM
ENGINE_OIL_15W40_209L,ENGINE OIL
ALTERNATOR COIL ASSY,ALTERNATOR
CLAMP (ANTI ROLL BAR MTG BKT),OTHERS
WIRE 6MM,OTHERS
WHEEL BALANCING WEIGHT 50GM,WHEEL BALANCING
CLAMP (HEATER HOSE),OTHERS
BATTERY (BH38B20R),BATTERY
MONOGRAM RENAULT DUSTER RXS PETROL,MONOGRAM
MONOGRAM MARUTI SUZUKI CIAZ VXI,MONOGRAM
WIPER LINKAGE ASSEMBLY,OTHERS
DEGREASER CLOTH,OTHERS
VINYL WRAP,OTHERS
CLOTH,OTHERS
AC_FOAM_CLEANER,OTHERS
FOOT STEP RHS,OTHERS
TYRE_245/45/R19,TYRE
SPRAY_PAINT_SILVER_400ML,SPRAY PAINT
PAINT_SPRAY_3020_RED_400ML,PAINT SPRAY
TYRE_245/70/R16,TYRE
MONOGRAM MARUTI SUZUKI ERTIGA ZDI,MONOGRAM
MONOGRAM NISSAN TERRANO XL DIESEL,MONOGRAM
WIPER MOTOR,WIPER MOTOR
BATTERY BOTTOM HOLDER,BATTERY
AIR FILTER OUTLET PIPE CLAMP,AIR FILTER
FRONT DOOR CHECK ARM,FRONT DOOR
MONOGRAM (D75),MONOGRAM
CLAMP BRKT BATTERY H/DOWN,BATTERY
REFLECTOR STICKER,OTHERS
MONOGRAM HYUNDAI EON SPORTZ PETROL,MONOGRAM
WIPER_BLADE_17,WIPER BLADE
TYRE ASSY,TYRE
SUZUKI GEAR OIL 75W-80 3L,GEAR OIL
BOLT 12X30,OTHERS
MONOGRAM HYUNDAI NEW SANTRO 1.1,MONOGRAM
MONOGRAM HONDA BR-V V MT,MONOGRAM
BATTERY (ML38B20L),BATTERY
DRAIN PLUG WASHER 22MM,WASHER PUMP
MONOGRAM FORD ECOSPORT TREND+ 1.0L,MONOGRAM
TYRE_255/45/R18,TYRE
OIL PUMP ASSY,OIL PUMP
DICKEY DOOR,DICKEY DOOR
MONOGRAM HYUNDAI GETZ,MONOGRAM
BRAKE FLUID 1L SYN. TUTELA TOP,BRAKE FLUID
Gear Oil SAE 90 (1L),GEAR OIL
MONOGRAM HONDA MOBILIO,MONOGRAM
BATTERY (ML40LBH),BATTERY
BULB_H4_12V_60/55W_P43T_Platinum_+100%,BULB
BULB_T-21_12V_21/5W,BULB
REAR MUDFLAP LHS,MUDFLAP
DICKEY TAIL LIGHT BULB SOCKET,TAIL LIGHT
SPIRAX_GEAROIL_S4GS_75W90_20LITRE,SPIRAX GEAROIL
ALLOY WHEEL BALANCING WEIGHT 45GM,ALLOY WHEEL
FRONT WHEEL HUB ASSY,WHEEL HUB
MONOGRAM MARUTI SUZUKI SWIFT LXI,MONOGRAM
MONOGRAM HYUNDAI FLUIDIC VERNA 4S,MONOGRAM
BRAKE,OTHERS
FENDER SCREW,OTHERS
"H11 Fog Lamp, 12V 55W (Single Bulb)",FOG LAMP
MONOGRAM (XT),MONOGRAM
MONOGRAM (XZA+),MONOGRAM
MONOGRAM (S-PRESSO),MONOGRAM
REAR OEM MONOGRAM TATA (T),MONOGRAM
FRONT DRIVE SHAFT BOOT CLAMP SMALL,FRONT DRIVE
MONOGRAM (JETTA),MONOGRAM
MONOGRAM (S-CROSS),MONOGRAM
WHEEL SPANNER 20,WHEEL SPANNER
BULB_D3S_85V_35W,BULB
WHEEL BALANCING WEIGHT 55GM,WHEEL BALANCING
MONOGRAM LXi,MONOGRAM
SCREW,OTHERS
REAR SKODA MONOGRAM,MONOGRAM
BATTERY (ML38B20R),BATTERY
BATTERY_65AH_RHS,BATTERY
BRAKE PEDAL,BRAKE PEDAL
SPRING WASHER M6,WASHER PUMP
FRONT BRAKE,OTHERS
CARBURETTOR CLEANER SPRAY,OTHERS
MONOGRAM SKODA,MONOGRAM
MONOGRAM (HONDA),MONOGRAM
MONOGRAM TATA NEXON XM PETROL,MONOGRAM
MONOGRAM Fabia,MONOGRAM
FOG LAMP BULB HOLDER,FOG LAMP
MONOGRAM MARUTI SUZUKI A STAR VXI,MONOGRAM
FRONT FOG LAMP BULB,FOG LAMP
WIRE 5MM,OTHERS
MONOGRAM (VERNA),MONOGRAM
NUT M8,OTHERS
MONOGRAM MARUTI SUZUKI WAGON R 1.0 VXI,MONOGRAM
MONOGRAM MARUTI SUZUKI BALENO ALPHA,MONOGRAM
WHEEL STUD 21,WHEEL STUD
TYRE_285/60/R18,TYRE
ENGINE FLUSH,OTHERS
TYRE_275/40/R18,TYRE
TYRE_225/50/R16,TYRE
MONOGRAM FORD FIGO DURATEC PETROL,MONOGRAM
WIPER_BLADE_19,WIPER BLADE
NUT 8,OTHERS
TYRE_295/50/R16,TYRE
MONOGRAM MARUTI SUZUKI DZIRE VDI,MONOGRAM
WIPER_BLADE_16,WIPER BLADE
ALLOY WHEEL BALANCING WEIGHT 35GM,ALLOY WHEEL
BRAKE STOP LIGHT RELAY,RELAY
MONOGRAM ZDi,MONOGRAM
INJECTOR CLAMP BOLT,OTHERS
MONOGRAM (VTVT),MONOGRAM
TYRE_225/60/R16,TYRE
FUEL INJECTION,OTHERS
"IGNITION , EXHAUST , FUEL , COOLING",OTHERS
ENGINE_OIL_6L,ENGINE OIL
HALOGEN LAMP BULB,BULB
MONOGRAM HYUNDAI EON ERA PETROL,MONOGRAM
MONOGRAM (FREESTYLE),MONOGRAM
MONOGRAM MARUTI SUZUKI S CROSS,MONOGRAM
REAR DOOR CHECK ARM,REAR DOOR
UNDERBODY COATING SPRAY,OTHERS
MONOGRAM (HYNDAI),MONOGRAM
MONOGRAM HYUNDAI I20 MAGNA 1.4,MONOGRAM
BULB_H27_12V_27W_PGJ13,BULB
GULFSTAR_GEAROIL_GL-4_75W90_1L,OTHERS
BRAKE PEDAL ASSY,BRAKE PEDAL
TUBELESS TYRE,TYRE
MONOGRAM (ALTURAS G4),MONOGRAM
ANTI RUST SPRAY,OTHERS
CHAIN LUBRICANT SPRAY 400ML,OTHERS
CRANKSHAFT ASSY,OTHERS
AIR FILTER HOUSING ASSY,AIR FILTER
BATTERY_35AH_BH_LEFT,BATTERY
FRONT SEAT RECLINER COVER RHS,FRONT SEAT
MONOGRAM TATA TIAGO XZ PLUS,MONOGRAM
CLAMP (SMALL),OTHERS
MONOGRAM HYUNDAI ELITE I20 SPORTZ,MONOGRAM
WIRE 1MM,OTHERS
MONOGRAM RENAULT LODGY 110 PS,MONOGRAM
HOSE CLAMP 50MM,HOSE CLAMP
CYLINDER HEAD,OTHERS
MONOGRAM (TOURINGSPORT),MONOGRAM
ENGINE_OIL_7L,ENGINE OIL
AC DISINFECTANT SPRAY,OTHERS
TYRE_255/40/R18,TYRE
REAR KNUCKLE LHS,REAR KNUCKLE
BULB T20 YELLOW,BULB
TRANSMISSION_OIL_1L,TRANSMISSION OIL
BRAKEOIL_DOT4_500ML,BRAKEOIL DOT4
MONOGRAM (VENUE),MONOGRAM
MONOGRAM (VXI),MONOGRAM
Monogram (i20),MONOGRAM
CONTROL UNITS,OTHERS
BATTERY (566112060),BATTERY
MICRO RELAY (20A),RELAY
"Cover, bulb replacement",BULB
BULB_12V_5W,BULB
BRAAK BULB DOUBLE POINT,BULB
WEDGE_BULB_T-21_12V_21/5W,BULB
FUSE 25 AMPERE BIG,FUSE
CLAMP (FUEL FILLER HOSE NO.1),CLAMP FUEL
TYRE VALVE CAP (GREEN),TYRE
MONOGRAM TATA INDICA VISTA SAFIRE,MONOGRAM
ENGINE_OIL_5W30_4L,ENGINE OIL
BATTERY (FS144045LBH),BATTERY
ENGINE MOUNTING,ENGINE MOUNTING
WASHER 16 MM,WASHER PUMP
ENGINE MOUNTS,OTHERS
DZIRE MONOGRAM,MONOGRAM
MONOGRAM (I10),MONOGRAM
SPRAY PAINT SILVER,SPRAY PAINT
"HEALIGHT BULB ((12V, WY21W))",BULB
TYRE TUBE,TYRE
EVAPORATOR THERMISTER,EVAPORATOR
WIPER BLADE FLAT 22,WIPER BLADE
WIPER_BLADE_18,WIPER BLADE
ABS SENSOR,BRAKE SENSOR
MONOGRAM RENAULT KWID RXT 1,MONOGRAM
MONOGRAM ( MAGNITE),MONOGRAM
MONOGRAM FORD FIGO ASPIRE TREND,MONOGRAM
FRONT OEM MONOGRAM TOYOTA (T),MONOGRAM
BULB_H1_12V_55W_Platinum_+100%,BULB
MONOGRAM HONDA BRIO V MT,MONOGRAM
BATTERY_72AH_RIGHT,BATTERY
TYRE_285/50/R20,TYRE
BULB_T10,BULB
FRONT WINDOW WEATHERSTRIP RHS INNER,WEATHERSTRIP
TYRE_235/75/R15,TYRE
MUFFLER & TAIL PIPE,OTHERS
ALLOY WHEEL BALANCING WEIGHT 50GM,ALLOY WHEEL
BRACKET (ENGINE MOUNTING A),ENGINE MOUNTING
PLATE WASHER M10,WASHER PUMP
BULB_H8_12V_35W,BULB
CLAMP (WATER HOSE),OTHERS
WIPER BLADE FLAT 14,WIPER BLADE
ACCELERATOR PEDAL ASSEMBLY,ACCELERATOR PEDAL
MONOGRAM (ABS),MONOGRAM
MONOGRAM HYUNDAI XCENT S PETROL,MONOGRAM
MONOGRAM TOYOTA INNOVA 2.5 V,MONOGRAM
BULB_D8S_12V_25W,BULB
BOLT 8 INCH,OTHERS
ENGINE_OIL_0W20_4L,ENGINE OIL
TYRE_215/60 R16,TYRE
WIPER_BLADE_13_FIRST_VF12,WIPER BLADE
MONOGRAM MARUTI SUZUKI DZIRE ZXI,MONOGRAM
MONOGRAM MARUTI SUZUKI CIAZ VDI+,MONOGRAM
CHINESE SCREW,CHINESE SCREW
INDICATOR BULB 12V_21W,BULB
NUMBER PLATE FRAME,NUMBER PLATE
HOSE CLAMP 70MM,HOSE CLAMP
ENGINE GAS RECIRUILATION SYSTEM,OTHERS
REAR WINDOW GLASS RHS,GLASS
STEERING OIL FILTER,OIL FILTER
TYRE_255/50/R18,TYRE
CHAMBER NUT 19,CHAMBER NUT
MONOGRAM MARUTI SUZUKI RITZ LXI,MONOGRAM
HEAD LIGHT BULB SOCKET HOLDER,HEADLIGHT
BULB T20 DOUBLE POINT,BULB
REAR LOWER CONTROL ARM LHS,CONTROL ARM
MONOGRAM (SPARK LT),MONOGRAM
BODY GRAPHICS,OTHERS
HEAD LIGHT RELAY,HEADLIGHT
SPEAKER WIRE,OTHERS
FRONT FOG LAMP BULB H8,FOG LAMP
MONOGRAM MARUTI SUZUKI RITZ VXI,MONOGRAM
DICKEY STRUT,OTHERS
MONOGRAM HYUNDAI SANTRO XING GL,MONOGRAM
BULB_P21_12V_5W,BULB
WHEEL COVER 14,WHEEL COVER
STEERING GEAR ASSY,OTHERS
BOLT 10X25,OTHERS
HOSE CLAMP 22MM,HOSE CLAMP
Bulb H7,BULB
GEAR BUSH KIT,BUSH KIT
BULB_PY21_12V-1141_Amber,BULB
CLAMP (OIL SEPERATOR),OTHERS
DOOR SEAL,SEAL
MONOGRAM S SMALL (REAR),MONOGRAM
BATTERY_40MH_BH_LEFT,BATTERY
RELAYS,RELAY
INTAKE MANIFOLD ASSY,INTAKE MANIFOLD
MONOGRAM (MAV),MONOGRAM
TYRE_205/60/R14,TYRE
TYRE_265/60/R18,TYRE
WIPER_BLADE_11,WIPER BLADE
MONOGRAM MARUTI SUZUKI RITZ VDI,MONOGRAM
BULB_MIN2010_12V_21/5W,BULB
EVAPORATOR ASSEMBLY,EVAPORATOR
FRONT KNUCKLE RHS,FRONT KNUCKLE
FUSE 5 AMPERE SMALL,FUSE
WIPER Y JOINT,OTHERS
ANTI RUST COATING SPRAY,OTHERS
MONOGRAM EECO,MONOGRAM
MONOGRAM MARUTI SUZUKI ERTIGA VDI,MONOGRAM
BATTERY (55S40B20L),BATTERY
BULB_H7_12V_55W,BULB
BATTERY CELL CR1616,BATTERY
BULB (12V 60/55W),BULB
BRAKE FLUID GC 1500AA (250 ML PACK),BRAKE FLUID
INTERIOR LAMPS,OTHERS
BATTERY CLAMP LARGE,BATTERY
SPRAY_PAINT_GLOSS_WHITE,SPRAY PAINT
MONOGRAM (SCORPIO),MONOGRAM
CLUTCH PEDAL ASSEMBLY,CLUTCH OTHER
REAR COVER BULB,BULB
MONOGRAM SKODA LAURA,MONOGRAM
WHEEL BALANCING WEIGHT 25GM,WHEEL BALANCING
BULB_H4_12V_100/90W_P45T,BULB
MONOGRAM MAHINDRA KUV100 NXT K2+,MONOGRAM
FEVI QUICK SMALL,OTHERS
MONOGRAM MARUTI SUZUKI SWIFT VXI,MONOGRAM
WHEEL CLEANER,OTHERS
BULB_D2S,BULB
WEATHERSTRIP,WEATHERSTRIP
ADHESIVE,OTHERS
BATTERY_33AH_RIGHT,BATTERY
FOOT STEP LHS,OTHERS
TYRE_215/65/R17,TYRE
TYRE_125/80/R17,TYRE
EXHAUST SEALANT,SEAL
TYRE_205/80/R16,TYRE
TYRE_235/45/R19,TYRE
MONOGRAM (KUV1OO),MONOGRAM
BULB_D2S_35W_P32D-2,BULB
ALLOY WHEEL BALANCING WEIGHT 20GM,ALLOY WHEEL
REAR WHEEL BEARING SET,WHEEL BEARING
CLAMP (CNG CYLINDER),OTHERS
DASHBOARD SWITCH & SOCKET,SWITCH
MONOGRAM HONDA JAZZ S PETROL,MONOGRAM
MONOGRAM VOLKSWAGEN POLO COMFORTLINE 1.2L,MONOGRAM
EXHAUST MANIFOLD COVER UPPER,EXHAUST MANIFOLD
PARKING ASSIST SYSTEM,OTHERS
MONOGRAM (XUV500),MONOGRAM
MONOGRAM (SMART HYBRID),MONOGRAM
BULB_H1_12V_55W,BULB
DOOR OPENER SWITCH,SWITCH
FUSE,FUSE
BULB_H3_12V_55W,BULB
MONOGRAM MARUTI SUZUKI CELERIO X,MONOGRAM
TAPE,OTHERS
MONOGRAM MARUTI SUZUKI ALTO K10 LXI,MONOGRAM
COOLANT_RED_1L,COOLANT
MONOGRAM RENAULT (FR+REAR+RENAULT),MONOGRAM
HORN,HORN
Car Spray Paint (Haier Grey),CAR SPRAY
WIPER_BLADE_14,WIPER BLADE
ANTENNA CABLE,OTHERS
BATTERY (FS1440DIN44LH),BATTERY
BULB (12V 5W),BULB
"ROOF LIGHT BULB (12V, 10W)",BULB
MONOGRAM (MAGNITE),MONOGRAM
FOG LAMP BULB,FOG LAMP
REAR SEAT HEAD REST CENTER,REAR SEAT
H1 Halogen Bulb 12V 55W (Single Bulb),BULB
MONOGRAM (VX),MONOGRAM
MONOGRAM SMT,MONOGRAM
WIPER_BLADE_21,WIPER BLADE
BULB_HP3_55W_12V,BULB
FUEL FILLER HOSE CLAMP,FUEL FILLER
FRONT DOOR PANEL,FRONT DOOR
BATTERY_10AH_RIGHT,BATTERY
COOLANT_BLUE_1L,COOLANT
MONOGRAM (ENERGY),MONOGRAM
VAG_BRAKEOIL_DOT4,OTHERS
TYRE_235/65/R16,TYRE
TIE CLIP 280MM,TIE CLIP
WINDOW & SVM SWITCH,MIRROR
SCREW 6X19 MM,OTHERS
TOOL KIT,OTHERS
"MONOGRAM (XL, XV)",MONOGRAM
CLAMP (OIL SEPERATOR INLET),OTHERS
INDUCATER BULB YELLOW,BULB
MONOGRAM (NEXON),MONOGRAM
TRANSMISSION OIL 75W90 (1L),TRANSMISSION OIL
TRANSMISSION OIL (AT OIL) 1 LITRE,TRANSMISSION OIL
MONOGRAM MAHINDRA XUV500 W8 DIESEL,MONOGRAM
DOUBLE TAPE 1/2INCH,DOUBLE TAPE
MONOGRAM (IGNIS),MONOGRAM
STEERING WHEEL SWITCHES,SWITCH
V-BELT_SPRAY_400ML,V BELT
REAR DOOR CLADDING,REAR DOOR
MONOGRAM (VENTO),MONOGRAM
MONOGRAM (BOSE),MONOGRAM
TYRE_155/90/R18,TYRE
TYRE_215/45/R17,TYRE
AC VENT (CENTER LHS / LHS),AC VENT
BULB_W16W,BULB
BULB_D5S,BULB
WINDOW DRESSER,OTHERS
PATTI LOCK,OTHERS
RELEASE SHAFT & FORK,OTHERS
DRAIN PLUG WASHER 16MM,WASHER PUMP
MONOGRAM HONDA AMAZE,MONOGRAM
MONOGRAM (DISCOVERY),MONOGRAM
DOOR KNOB,OTHERS
COOLANT,COOLANT
MONOGRAM HYUNDAI I10 SPORTZ PETROL,MONOGRAM
REAR SEAT HEAD REST,REAR SEAT
REAR DEFOGGER SWITCH BULB (14W 60MA),BULB
BOLT 10 MM,OTHERS
REAR SUSPENSION,OTHERS
MONOGRAM (CELERIO),MONOGRAM
BATTERY_68AH_BH_RIGHT,BATTERY
WHEEL BALANCING WEIGHT 10GM,WHEEL BALANCING
INDICATOR BULB SOCKET,BULB
HOSE CLAMP 9MM (30-45),HOSE CLAMP
MONOGRAM VOLKSWAGEN VENTO HIGHLINE PETROL,MONOGRAM
MONOGRAM HUNDAI GRAND I10 SPORTZ,MONOGRAM
AC GAS (1KG),AC GAS
MONOGRAM HYUNDAI EON ERA +,MONOGRAM
BONNET ROD CLAMP,OTHERS
HORN LOW,HORN
BULB_HE12/1_12V_60/55W_P43T,BULB
WIPER BLADE FLAT 21,WIPER BLADE
BRAKE CLEANER FLUIDS,BRAKE CLEANER
DICKEY SHOCKER (LHS/RHS),SHOCK ABSORBER
CARPET,OTHERS
HOSE CLAMP 9MM (16-27),HOSE CLAMP
HVAC RELAY,RELAY
BULB_H3_12V_100W,BULB
RAIN VISOR SET,OTHERS
MONOGRAM HONDA CIVIC V AT,MONOGRAM
BATTERY (DIN50R),BATTERY
FUEL SENSOR,SENSOR
BULB_AMBER_12V,BULB
MONOGRAM TATA TIAGO REVOTRON XZA,MONOGRAM
NUT M10,OTHERS
MONOGRAM (WAGON R),MONOGRAM
AXLE BOOT CLAMP (SMALL),OTHERS
MONOGRAM HONDA AMAZE 1.2 SX,MONOGRAM
MONOGRAM JAZZ X PETROL,MONOGRAM
MONOGRAM (1.6 SX),MONOGRAM
MONOGRAM TATA TIAGO REVOTORQ XZ,MONOGRAM
BATTERY HOLDER NUT,BATTERY
MONOGRAM (KAPPA 2),MONOGRAM
DRAIN PLUG WASHER 17MM,WASHER PUMP
GREASE / LUBRICATIONS,OTHERS
MONOGRAM (IRDE 2),MONOGRAM
ENGINE_OIL_5W40_4L,ENGINE OIL
BULB_12V_60W,BULB
REAR MONOGRAM FORD,MONOGRAM
TIE CABLE BLACK 8X300,TIE CABLE
ALLOY WHEEL BALANCING WEIGHT 25GM,ALLOY WHEEL
CLAMP (INTERCOOLER),OTHERS
MONOGRAM (CRDI),MONOGRAM
Bulb H4,BULB
FRONT WIPER BLADE 26,WIPER BLADE
SWITCHES & SENSORS,SENSOR
FUSE 20 AMPERE BIG,FUSE
WINDOW WEATHERSTRIP,WEATHERSTRIP
WIPER BLADE FLAT 24,WIPER BLADE
REAR KNUCKLE,REAR KNUCKLE
MONOGRAM CHEVROLET BEAT PS,MONOGRAM
BATTERY (38B20R),BATTERY
EXTERIOR LAMPS,OTHERS
dummy category parent,OTHERS
MONOGRAM (TIAGO),MONOGRAM
BULB_H16_12V_19W,BULB
TYRE_SHINE_SPRAY_5LT,TYRE
MONOGRAM HYUNDAI XCENT SX AT,MONOGRAM
ENGINE BRACKET,OTHERS
NUT M12,OTHERS
MONOGRAM (VVT-i),MONOGRAM
GREASE 200GM,OTHERS
BONNET SCOOP,OTHERS
MONOGRAM (1.6),MONOGRAM
BULB_HB4_9006_12V_55W,BULB
COMPRESSOR_OIL_SP10_250ML,COMPRESSOR
MONOGRAM ZXI,MONOGRAM
WASHER 18MM,WASHER PUMP
SCREW 1.5INCH,SCREW 1
BOLT 10 INCH,OTHERS
STARTER RELAY,RELAY
BATTERY CELL CR2450N,BATTERY
FOG LAMP,FOG LAMP
BATTERY CELL CR2450,BATTERY
FOG LAMP BULB (H11),FOG LAMP
BULB_H7_12V_100W,BULB
MONOGRAM (WR-V),MONOGRAM
BATTERY CELL CR1220,BATTERY
BULB H4 (12V 60/55W),BULB
MONOGRAM RENAULT DUSTER RXZ,MONOGRAM
SCREW 2 INCH,OTHERS
SILENCER CLAMP,OTHERS
FRONT LOWER CONTROL ARM,CONTROL ARM
TYRE SHINER GEL 5KG,TYRE
TAIL LIGHT BULB CARRIER,TAIL LIGHT
MONOGRAM MAHINDRA BOLERO ZLX,MONOGRAM
INDICATOR BULB,BULB
ELECTRIC WIRE & CONNECTOR,OTHERS
WASHER 10 MM,WASHER PUMP
AIR FILTER PIPE CLAMP,AIR FILTER
MONOGRAM VENTO 1.6 PETROL,MONOGRAM
FOG LIGHT BULB (12V 27W),BULB
EXHAUST MANIFOLD COVER LOWER,EXHAUST MANIFOLD
SILENCER PIPE CLAMP,OTHERS
MONOGRAM HONDA BRIO S MT,MONOGRAM
MONOGRAM TOYOTA ETIOS G PETROL,MONOGRAM
TYRE_185/60/R14,TYRE
BATTERY (MLDIN44RBH),BATTERY
DICKEY DOOR SEAL,SEAL
BRAKE_OIL_500ML,BRAKE OIL
ALLOY WHEEL BALANCING WEIGHT 40GM,ALLOY WHEEL
MONOGRAM (NANO),MONOGRAM
MONOGRAM (AUTOMATIC),MONOGRAM
MONOGRAM HYUNDAI I10 MAGNA CNG,MONOGRAM
BULB_T-20_12V_21W,BULB
MONOGRAM (CLASSIC),MONOGRAM
FUSE 100 AMPERE BIG,FUSE
BOLT (ENGINE MOUNTING C),ENGINE MOUNTING
MONOGRAM HYUNDAI I20 SPORTZ 1.2,MONOGRAM
R10W Halogen Bulb 12V 10W (Single Bulb),BULB
BOLT 4 INCH,OTHERS
OUTSIDE MIRROR ASSY,MIRROR
PRESS BULB BIG,BULB
TRANSMISSION OIL FILTER,OIL FILTER
MONOGRAM MARUTI SUZUKI ESTILO LXI,MONOGRAM
SUN VISOR ASSEMBLY,SUN VISOR
MONOGRAM VOLKSWAGEN,MONOGRAM
SPRAY PAINT MATT SILVER,SPRAY PAINT
BLACK PAINT SPRAY,OTHERS
MONOGRAM (FIESTA),MONOGRAM
MONOGRAM (V),MONOGRAM
MONOGRAM (AUTO GEAR SHIFT),MONOGRAM
POWER WINDOW CONTROL SWITCHES,SWITCH
MONOGRAM ASPIRE,MONOGRAM
FRONT OUTER DOOR HANDLE BRACKET LHS,DOOR HANDLE
BULB_D3S,BULB
BULB_P21W,BULB
THROTTLE CLEANER,OTHERS
MONOGRAM HYUNDAI FRONT (H),MONOGRAM
ENGINE ELECTRICAL,OTHERS
WHEEL COVER 18,WHEEL COVER
MONOGRAM (ZX),MONOGRAM
HAND BRAKE WARNING SWITCH,SWITCH
WIPER NOZZLE 2 EYE,WIPER NOZZLE
PUDDLE LAMP (LHS/RHS),PUDDLE LAMP
MONOGRAM (ZXI),MONOGRAM
CHAMBER NUT,CHAMBER NUT
MONOGRAM (EECO),MONOGRAM
SCREW 3.5X13MM,SCREW 3
MONOGRAM FORD FIGO ASPIRE TITANIUM1.5,MONOGRAM
REAR WINDSHIELD ASSY,WINDSHIELD
WIPER_BLADE_24/19,WIPER BLADE
REAR BODY,OTHERS
LUBRICANT SPRAY,OTHERS
CYLINDER BLOCK ASSY,OTHERS
HOSE_CLAMP_DIN3017_W9MM_(8-16MM),HOSE CLAMP
BULB_H8_12V_35W_PGJ19-1,BULB
TRANSMISSION_OIL_500ML,TRANSMISSION OIL
MONOGRAM FORD FIESTA 1.6 TDCI,MONOGRAM
MONOGRAM (SKODA),MONOGRAM
SYNTHETIC_LIQUID_GREASE,OTHERS
MONOGRAM TATA BOLT XM PETROL,MONOGRAM
REAR UPPER CONTROL ARM LHS,CONTROL ARM
BULB_HB4_9006_12V_55W_Platinum_+100%,BULB
HOSE CLAMP 7.5MM (10-16),HOSE CLAMP
HOSE CLAMP 9MM (50-70MM),HOSE CLAMP
BULB (12V 21/5W),BULB
WHEEL SPANNER 25,WHEEL SPANNER
BULB_12V_21W,BULB
BATTERY_TERMINAL_PROTECTOR_SPRAY_100ML,BATTERY
DICKEY FLOOR MAT,OTHERS
MONOGRAM (MICRA),MONOGRAM
MONOGRAM HONDA JAZZ V DIESEL,MONOGRAM
MONOGRAM TOYOTA ETIOS GD DIESEL,MONOGRAM
FUEL TANK CAP,FUEL TANK
BLOWER MOTOR ASSEMBLY,BLOWER MOTOR
TRANSMISSION CASE & GEARS,OTHERS
"COVER, HDLP BULB ACC",BULB
BOSCH_GEAROIL_GO90_GL-4_1LITRE,OTHERS
BULB_H7_55W,BULB
ENGINE_OIL_FLUSH_300ML,ENGINE OIL
CLAMP (MEDIUM),OTHERS
MONOGRAM AMEO TRENDLINE,MONOGRAM
BULB_TD-53_12V_2W,BULB
CLAMP (FRONT DRIVE SHAFT),OTHERS
REAR MONOGRAM (SMART HYBRID),MONOGRAM
CLAMP (38x12x1.75),OTHERS
MONOGRAM HONDA CITY VX CVT,MONOGRAM
MONOGRAM FORD ECOSPORT TITANIUM 1.5L,MONOGRAM
BATTERY (FS1440DIN55),BATTERY
STEERING RACK YOKE,STEERING RACK
AUDIO & NAVIGATION SYSTEM,OTHERS
MONOGRAM KWID RXL,MONOGRAM
COOLANT_GREEN_1L,COOLANT
REAR FENDER LINING SET,REAR FENDER
CLAMP (FRONT DRIVE SHAFT BOOT),OTHERS
NUTBOLT 10 MM,OTHERS
MONOGRAM ( MAHINDRA ),MONOGRAM
BATTERY (55B24LS),BATTERY
MONOGRAM FREESTYLE,MONOGRAM
BOLT 1/2 INCH,OTHERS
MONOGRAM MARUTI SUZUKI S-CROSS ALPHA,MONOGRAM
HALOGEN_BULB_H8_12V_27W,BULB
FILTER CLOTH,OTHERS
REAR OUTER DOOR HANDLE BRACKET LHS,DOOR HANDLE
MONOGRAM (ZEST),MONOGRAM
MONOGRAM MARUTI SUZUKI VITARA BREZZA,MONOGRAM
WIRE 75MM,OTHERS
WHEEL BALANCING WEIGHT 40GM,WHEEL BALANCING
WIPER BLADE FLAT 17,WIPER BLADE
MONOGRAM (XE),MONOGRAM
BATTERY (MLDIN65LH),BATTERY
WHEEL BALANCING WEIGHT 45GM,WHEEL BALANCING
CLAMP ( FUEL PIPE ),CLAMP FUEL
SCREW 6X25 MM,OTHERS
TIMING CHAIN TENSIONER ARM,TIMING CHAIN
MONOGRAM MARUTI,MONOGRAM
SEAT COVER SINGLE,SEAT COVER
MONOGRAM HONDA CITY V PETROL,MONOGRAM
REAR SHOCKER ASSY LHS,SHOCK ABSORBER
CLUTCH CABLE & TUBE,CLUTCH CABLE
WASHER 12MM,WASHER PUMP
MONOGRAM (ZEN ESTILO),MONOGRAM
BULB_H7_12V_55W_Platinum_+100%,BULB
GEAR LEVER ASSEMBLY,GEAR LEVER
TRANSMISSION OIL,TRANSMISSION OIL
MONOGRAM TIGOR REVOLTRON XZ+,MONOGRAM
OTHER SWITCHS & SENSORS,SENSOR
CLAMP (C PILLAR TRIM LOWER),OTHERS
TVS_SPRINTER_BRAKEOIL_DOT4+_250ML,TVS SPRINTER
OLTIMO_GEAROIL_GL-4_80W90_210LITRE,OTHERS
CAR KEY (SMART),CAR KEY
HOSE CLAMP W9MM-(60-80MM),HOSE CLAMP
MONOGRAM MAHINDRA XUV500 W10 1.99,MONOGRAM
H3 Halogen Bulb 12V 55W (Single Bulb),BULB
FEVICOL_SR-998_100ML,OTHERS
STEERING COLUMN COVER UPPER,STEERING COLUMN
WIPER_BLADE_SET,WIPER BLADE
CLUTCH MASTER CYLINDER TUBE,CLUTCH CYLINDER
PAINT SPRAY,PAINT SPRAY
"INDICATOR BULB (12V,21W)",BULB
GOODYEAR_TYRE_175/65/R14,TYRE
MONOGRAM (FIAT),MONOGRAM
ROOF_LIGHT_BULB_12V_10W,BULB
WHEEL BALANCING WEIGHT 15GM,WHEEL BALANCING
WIPER BLADE SET (16/16),WIPER BLADE
MONOGRAM FORD ECOSPORT TITANIUM 1.0L,MONOGRAM
SPRAY PAINT CHROME,SPRAY PAINT
MONOGRAM (LXI),MONOGRAM
SPRAY PAINT BLACK,SPRAY PAINT
BATTERY_70AH_RIGHT,BATTERY
TYRE VALVE BIG,TYRE
BUMPER CLIP MAHINDRA,BUMPER
GEAROIL_GL-4_75W90_2.5L,GEAROIL GL
GOOD YEAR TYRE,TYRE
WASHER 13 MM,WASHER PUMP
MASTER CYLINDER,OTHERS
FRONT ROOF HANDLE RHS,FRONT ROOF
MONOGRAM MARUTI SUZUKI SWIFT VDI,MONOGRAM
MONOGRAM MARUTI SUZUKI CIAZ VDI,MONOGRAM
COTTON TAPE,OTHERS
REAR DOOR PANEL,REAR DOOR
TYRE_245/50/R19,TYRE
PAINT REMOVER,OTHERS
BULB_W21/5_12V_21/5W,BULB
FRONT BUMPER ASSEMBLY,BUMPER
WIPER_BLADE_SET_19,WIPER BLADE
EXTERIOR TRIMS,OTHERS
MONOGRAM HONDA JAZZ V MT,MONOGRAM
SUN VISOR HOLDER LHS,SUN VISOR
TRANSMISSION_OIL_85W140_1L,TRANSMISSION OIL
ENGINE_OIL_5W30_50L,ENGINE OIL
SPIRAX_TRANSMISSION_FLUID_S2G90_1LITRE,OTHERS
RELAY (AC MOTOR FAN UNIT),RELAY
MONOGRAM (RITZ),MONOGRAM
MONOGRAM FORD FIGO TITANIUM PETROL,MONOGRAM
HALOGEN_BULB_H16_12V_19W,BULB
BATTERY (55SDIN44),BATTERY
MONOGRAM (MARUTI SUZUKI),MONOGRAM
AC DUCT CLIP,OTHERS
SCREW 5X25 MM,OTHERS
MONOGRAM HONDA CITY V AT,MONOGRAM
WHEEL STUD 19,WHEEL STUD
TYRE_145/R12,TYRE
MONOGRAM (ZXI+),MONOGRAM
BRAKE OIL DOT 5,BRAKE OIL
CLEANER,OTHERS
SINGLE POINT BULB (12V-27W),BULB
FRONT OEM MONOGRAM (FORD),MONOGRAM
MONOGRAM (XZ+),MONOGRAM
MONOGRAM (TSI),MONOGRAM
ENGINE_OIL _7L,ENGINE OIL
FENDER LINING CLIP MARUTI,FENDER LINING
STARTER MOTOR ASSEMBLY,STARTER MOTOR
RADIATOR ASSY,RADIATOR
MONOGRAM FORD ECOSPORT TITANIUM +,MONOGRAM
ENGINE_OIL_0W40_4L,ENGINE OIL
GREASE_500GM,OTHERS
BATTERY HOLDING COMPONENTS,BATTERY
SIDE LAMP BULB (12V),BULB
MONOGRAM (HARRIER),MONOGRAM
MONOGRAM DATSUN GO PLUS T,MONOGRAM
IGNITION SYSTEM,OTHERS
MONOGRAM (AMEO),MONOGRAM
PUDDLE LAMP LHS,PUDDLE LAMP
BATTERY (55S68LBH),BATTERY
FOG LAMP RELAY,FOG LAMP
MONOGRAM TOYOTA INNOVA 2.5 G,MONOGRAM
SPRAY_PAINT_MATTBLACK_400ML,SPRAY PAINT
WIPER_BLADE_20,WIPER BLADE
MONOGRAM (MARAZZO),MONOGRAM
HOSE CLAMP 9MM (8-16),HOSE CLAMP
ROOF ANTENNA,OTHERS
RELAY (HAZARD AND INDICATOR),RELAY
CLAMP (FUEL TANK HOSE),CLAMP FUEL
FLOOR COVERING,OTHERS
GOODYEAR_TYRE_195/60/R16,TYRE
BATTERY_105AH_RIGHT,BATTERY
RELAY ( DC 12V 40/30A),RELAY
FRONT DRIVE SHAFT ASSY RHS,FRONT DRIVE
BATTERY CLAMP BELT,BATTERY
DOUBLE POINT BULB T21,BULB
MONOGRAM CHEVROLET SPARK LT 1,MONOGRAM
TURBOCHARGER ASSY,OTHERS
FENDER LINING CLIP RENAULT,FENDER LINING
ANABOND & FEVIQUICK,OTHERS
MONOGRAM (XL6),MONOGRAM
MONOGRAM (TDI),MONOGRAM
MAIN RELAY,RELAY
CENTER CONSOLE,OTHERS
TIE BELT BIG,TIE BELT
FRONT ROOF LIGHT BULB,BULB
SILLVER PAINT SPRAY,OTHERS
AC_COMPRESSOR_OIL_1LITRE,COMPRESSOR
ELFY,OTHERS
MONOGRAM MARUTI SUZUKI CELERIO LXI,MONOGRAM
MONOGRAM (1.2),MONOGRAM
FRONT FENDER LINING REAR RHS,FRONT FENDER
WHEEL BALANCING WEIGHT 75GM,WHEEL BALANCING
NUT 17,OTHERS
FRONT MONOGRAM FORD,MONOGRAM
AC COMPRESOR OIL,OTHERS
PY21W Halogen Bulb 12V 21W (Single Bulb),BULB
FRONT SHOCKER MOUNT LHS,SHOCK ABSORBER
MONOGRAM (FIGO),MONOGRAM
MONOGRAM (SX),MONOGRAM
TOW HOOK COVER,OTHERS
STEEL WHEEL,OTHERS
WHEEL BALANCING WEIGHT 30GM,WHEEL BALANCING
CHINESE SCREW I.5 INCH,CHINESE SCREW
MONOGRAM (GENUS),MONOGRAM
SECONDARY WATER PUMP,WATER PUMP
AUTOMOTIVE BATTERY,BATTERY
WINDOW REGULATOR,WINDOW REGULATOR
MONOGRAM HONDA CITY SV CVT,MONOGRAM
MONOGRAM HONDA JAZZ VX MT,MONOGRAM
MONOGRAM (SMART AUTO),MONOGRAM
BATTERY_700R_RIGHT,BATTERY
MONOGRAM (M),MONOGRAM
INSTRUMENT CLUSTER PANEL,INSTRUMENT CLUSTER
ROOF LIGHT ASSY,OTHERS
FUSE 30 AMPERE BIG,FUSE
NUT-PLUG,OTHERS
HALOGEN_BULB_H7_12V_80W,BULB
TIE CABLE BLACK 8X200MM,TIE CABLE
MONOGRAM (RAPID),MONOGRAM
BATTERY_32AH_LEFT,BATTERY
COOLANT HOSE CLAMP,COOLANT
MONOGRAM TUV 300 P8 2.2 DIESEL,MONOGRAM
RELAY 12V 40A (ENGINE COOLING RELAY - III),RELAY
HORN TERMINAL,HORN
WIPER BLADE FLAT 10,WIPER BLADE
FOG LIGHT RELAY,RELAY
MONOGRAM (YOYOTA),MONOGRAM
MONOGRAM (MAHINDRA),MONOGRAM
BULB STORAGE SIGHT,BULB
FILTER,OTHERS
BULB_T4W_12V_6W,BULB
ENGINE_OIL_15W40_7L,ENGINE OIL
ENGINE_OIL,ENGINE OIL
TIE CABLE BLACK 8X364,TIE CABLE
MONOGRAM TATA NANO LX PETROL,MONOGRAM
MONOGRAM (TWIST),MONOGRAM
MONOGRAM DATSUN GO T (O),MONOGRAM
WIPER BLADE (LHS/RHS),WIPER BLADE
BRAKE STOP LAMP,OTHERS
MONOGRAM HYUNDAI CRETA 1.4 S,MONOGRAM
PUDDLE LAMP RHS,PUDDLE LAMP
AC COMPRESSOR ASSEMBLY,COMPRESSOR
GEAROIL_GL-4_EP-80W90_2.5L,GEAROIL GL
MONOGRAM JETTA HIGHLINE TDI AT,MONOGRAM
FUSE 50 AMPERE BIG,FUSE
TYRE_255/40/R19,TYRE
MONOGRAM SKODA FABIA AMBIENTE 1.2,MONOGRAM
REAR SEAT ASSY,REAR SEAT
ROOF CLIP BIG,OTHERS
BATTERY (55SDIN50L),BATTERY
ALTERNATOR BRACKET,ALTERNATOR
BATTERY_42AH_LEFT,BATTERY
MONOGRAM DATSUN GO T PETROL,MONOGRAM
WHEELS & TYRE,TYRE
ENGINE_OIL_5W30_1L,ENGINE OIL
TIE CLIP 300 X 4.8,TIE CLIP
REAR OUTER DOOR HANDLE,DOOR HANDLE
GEAR_OIL_80W140_GL-4_1LITRE,GEAR OIL
BATTERY CLAMP STUD,BATTERY
BATTERY CELL CR2016,BATTERY
MONOGRAM (FRONT),MONOGRAM
MONOGRAM MARUTI SUZUKI ESTILO VXI,MONOGRAM
MONOGRAM HYUNDAI VERNA VGT,MONOGRAM
GEAR OIL,GEAR OIL
BULB_HID_12V_25W,BULB
MONOGRAM SKODA RAPID AMBITION DIESEL,MONOGRAM
WHEEL BALANCING WEIGHT 35GM,WHEEL BALANCING
"CLAMP (34x7x0,6)",OTHERS
ARM REST COVER,OTHERS
BULB_12V_21W_BAU_15S,BULB
SCREW 5X20 MM,OTHERS
MONOGRAM TATA TIGOR REVOTRON XZ(O),MONOGRAM
BATTERY (105D31R),BATTERY
PARKING BULB T15,BULB
BATTERY (FS40B20L),BATTERY
HEAD LIGHT,HEADLIGHT
WHEEL SPANNER SOCKET 17,WHEEL SPANNER
FRONT MONOGRAM,MONOGRAM
SPRAY_PAINT_BLACK_400ML,SPRAY PAINT
SCREW 10X19 MM,OTHERS
TYRE_255/50/R21,TYRE
TYRE_195/80/R15,TYRE
REAR OUTER DOOR HANDLE BRACKET RHS,DOOR HANDLE
CATALYTIC CONVERTER BOLT,CATALYTIC CONVERTER
BULB( TAIL LIGHT ),TAIL LIGHT
STOP & TAIL BULBS,BULB
SEAT COVERS,SEAT COVER
WIPER PIPE (1 METER),OTHERS
MONOGRAM (ZDI+),MONOGRAM
RELAY 50A,RELAY
SASH CLIP,OTHERS
DIRECTION FLAP & MOTOR,OTHERS
BULB_T4W_12V-TD,BULB
OIL SEPARATOR ASSY,OIL SEPARATOR
MONOGRAM AURA SX PLUS 1.0,MONOGRAM
VAG_BRAKEOIL_DOT4_1LITRE,OTHERS
MONOGRAM MARUTI SUZUKI S-CROSS ZETA,MONOGRAM
BULB_D2R_12V_35W,BULB
WASHER 8 MM,WASHER PUMP
AC & ELECTRICALS,OTHERS
MONOGRAM RENAULT KWID CLIMBER 1,MONOGRAM
HOSE CLAMP (24DX12W),HOSE CLAMP
PLATE WASHER M12,WASHER PUMP
TYRE_255/60/R18,TYRE
BOLT 12 MM,OTHERS
STOP AND TAIL LAMP BULB (12V),BULB
WIPER _BLADE_ 20,WIPER BLADE
MONOGRAM HYUNDAI VENUE S 1,MONOGRAM
TVS_SPRINTER_BRAKEOIL_DOT4_500ML,TVS SPRINTER
SOCKET TURN SIGNAL BULB,BULB
GOODYEAR TYRE,TYRE
BRIDGESTONE TYRE,TYRE
TAIL LIGHT CLIP,TAIL LIGHT
MONOGRAM (PURE DRIVE DCI),MONOGRAM
SCREW 5X15 MM,OTHERS
FOG LIGHT LED BULB,BULB
WHEEL,OTHERS
MONOGRAM MARUTI SUZUKI SX4 VXI,MONOGRAM
MONOGRAM (THAR CRDE),MONOGRAM
MONOGRAM (YARIS),MONOGRAM
NUT 19,OTHERS
FENDER INDICATOR RELAY,RELAY
MONOGRAM TOYOTA COROLLA ALTIS G,MONOGRAM
REAR BRAKE,OTHERS
FRONT WIPER BLADE,WIPER BLADE
MONOGRAM MARUTI SUZUKI CIAZ ZDI+,MONOGRAM
ANA BOND 50ML,ANA BOND
BULB_H6W_12V_6W,BULB
DOUBLE TAPE SMALL,DOUBLE TAPE
AC CONTROL MODULE,AC CONTROL
BULB 12 V,BULB
IGNITION CABLE KIT,IGNITION CABLE
MONOGRAM MAHINDRA XUV500 W8 AT,MONOGRAM
WIPER_BLADE_22,WIPER BLADE
BULB (12V PY21W),BULB
MONOGRAM RENAULT DUSTER RXL PETROL,MONOGRAM
MONOGRAM VVT,MONOGRAM
MONOGRAM FORD FREESTYLE TITANIUM PLUS,MONOGRAM
MONOGRAM (K6),MONOGRAM
REAR UPPER CONTROL ARM RHS,CONTROL ARM
TYRE_225/45/R18,TYRE
FRONT WINDOW GLASS,GLASS
FRONT WINDOW GLASS RHS,GLASS
REAR MONOGRAM (CHEVROLET),MONOGRAM
RING SPANNER,OTHERS
SCREW 3/4 INCH,SCREW 3
FUEL INJECTOR CLAMP,FUEL INJECTOR
DOUBLE TAPE 1INCH,DOUBLE TAPE
MONOGRAM (LDI),MONOGRAM
SILENCER COATING SPRAY,OTHERS
HOSE CLAMP 55MM,HOSE CLAMP
MONOGRAM (SPARK),MONOGRAM
MONOGRAM (POLO),MONOGRAM
MINDA_BRAKEOIL_DOT4_250ML,OTHERS
MONOGRAM (XM),MONOGRAM
ROOF LIGHT,OTHERS
MONOGRAM MAHINDRA KUV100 K4,MONOGRAM
ENGINE OIL SUMP UPPER,ENGINE OIL
BATTERY_80AH_RIGHT,BATTERY
BULB_T20_12V_21W,BULB
MONOGRAM MARUTI SUZUKI S PRESSO VXI,MONOGRAM
PARKING BULB T20,BULB
BULB_D4R,BULB
CLIP,OTHERS
EMERY PAPER,OTHERS
RADIATOR FAN WITH MOTOR,RADIATOR
MANUAL TRANSMISSION FLUID,MANUAL TRANSMISSION
ELECTRIC TAPE,OTHERS
MONOGRAM (OCTAVIA),MONOGRAM
ULTRA SHINE SPRAY WAX,OTHERS
BULB_H1_12V_100W,BULB
MONOGRAM MAHINDRA MARAZZO M8 DIESEL,MONOGRAM
FUSE 10 AMPERE BIG,FUSE
MONOGRAM TATA NANO GENX XTA,MONOGRAM
"FOG LAMP BULB (12V, 35W H8)",FOG LAMP
WIPER_BLADE_20_FIRST_VF12,WIPER BLADE
BULB_HB3_12V_100W,BULB
BULB_H11_12V_55W_Platinum_+100%,BULB
HALOGEN_BULB_H4_P45_12V_100/90W,BULB
MONOGRAM TATA TIAGO XZA+ AMT,MONOGRAM
BULB_P21_12V-1141,BULB
BATTERY CLAMP (BOTTOM),BATTERY
MONOGRAM (ZDI),MONOGRAM
BULB_H27/2_12V_27W,BULB
FUSE 7.5 AMPERE SMALL,FUSE
MONOGRAM MARUTI SUZUKI ALTO K10 VXI,MONOGRAM
MONOGRAM HYUNDAI GRAND I10 1.2,MONOGRAM
TIE ROD END LHS (WITH INNER TIE ROD),TIE ROD
REAR SEAT BACK CUSHION,REAR SEAT
MONOGRAM (AUTO),MONOGRAM
MONOGRAM (STORME),MONOGRAM
INDICATOR,OTHERS
PEDAL PADS,OTHERS
MONOGRAM HYUNDAI GRAND I10 SPORTZ,MONOGRAM
BULB_R10_12V-67,BULB
ENGINE_OIL_0W40_1L,ENGINE OIL
BATTERY_12AH_LEFT,BATTERY
MONOGRAM TOYOTA ETIOS VX,MONOGRAM
REAR POWER WINDOW SWITCH,POWER WINDOW SWITCH
NUT BOLT 8 MM,NUT BOLT
MONOGRAM RENAULT DUSTER RXE DIESEL,MONOGRAM
TVS_SPRINTER_BRAKEOIL_DOT4_250ML,TVS SPRINTER
MRF TYRE,TYRE
MONOGRAM (NISSAN),MONOGRAM
JK TYRE,TYRE
MONOGRAM NISSAN TERRANO XL PETROL,MONOGRAM
INDICATOR BULB (W5W),BULB
BULB HB1,BULB
INTERIOR TRIMS,OTHERS
TURN SIGNAL INDICATOR,OTHERS
MONOGRAM (A-STAR),MONOGRAM
TYRE PUNCTURE REPAIR KIT,TYRE
FEVI BOND,OTHERS
AUTOMATIC_TRANSMISSION_FLUID_500ML,AUTOMATIC TRANSMISSION
FRONT FENDER INDICATOR BULB HOLDER,BULB
MONOGRAM HONDA,MONOGRAM
MONOGRAM NISSAN MICRA XL CVT,MONOGRAM
REAR FOG LAMP BULB,FOG LAMP
RAIN VISOR,OTHERS
CHINESE SCREW 1 INCH,CHINESE SCREW
TRANSMISSION OIL SUMP,TRANSMISSION OIL
FRONT FOG LAMP BULB (H11) (12V 55W),FOG LAMP
REAR WIPER BLADE 14,WIPER BLADE
FRONT COIL SPRING PAD UPPER,FRONT COIL
BULB_PSX_12V_24W,BULB
FOG LAMP BULB (12V-24W),FOG LAMP
HOSE CLIP 23MM,OTHERS
MONOGRAM MAHINDRA XUV500 W6 AT,MONOGRAM
MONOGRAM (DCI),MONOGRAM
EMISSION CONTROL,OTHERS
ELECTRIC COMPONENT & CONTROL UNIT,OTHERS
HORN HIGH,HORN
H27 Halogen Bulb 12V 27W (Single Bulb),BULB
MONOGRAM (VARICOR 400),MONOGRAM
MONOGRAM HONDA BR V VX MT,MONOGRAM
BULB H11,BULB
MONOGRAM HONDA JAZZ SV PETROL,MONOGRAM
COWL TOP CLIP GRAY BIG,COWL TOP
BATTERY (FS40B20R),BATTERY
FRONT DOOR BEEDING,FRONT DOOR
CAMSHAFT / VALVE,OTHERS
WIPER_BLADE_15,WIPER BLADE
FOG LAMP & REVERSE LAMP,FOG LAMP
DICKEY FOOT STEP,OTHERS
BULB_D1R,BULB
VALVE PIN/SPLIT PIN,OTHERS
GASKET PAPER,GASKET
FRONT DOOR TRIM,FRONT DOOR
MONOGRAM SKODA RAPID NEW AMBITION,MONOGRAM
TYRE_245/45/R18,TYRE
RELEASE BEARING,WHEEL BEARING
MONOGRAM NISSAN MICRA ACTIVE XL,MONOGRAM
BATTERY (ML44LBH),BATTERY
HOSE CLAMP (19-27)MM,HOSE CLAMP
ENGINE_OIL_0W20_3.5L,ENGINE OIL
BRAKEOIL_DOT4,BRAKEOIL DOT4
WIPER BLADE 15,WIPER BLADE
BULB_C5W_12V_0.5W,BULB
STEERING,OTHERS
FUEL,OTHERS
FRONT MUDFLAP SET,MUDFLAP
BATTERY CELL,BATTERY
AUTOMOTIVE TAPE,OTHERS
FRONT WIPER ARM CAP,FRONT WIPER
HEADLAMP BULB H1,BULB
MONOGRAM (SWIFT DZIRE),MONOGRAM
MONOGRAM (VVT),MONOGRAM
TIE CABLE WHITE 6X280,TIE CABLE
BULB H8,BULB
TIE CABLE BLACK 430X7.6MM,TIE CABLE
MONOGRAM RENAULT DUSTER 85 PS,MONOGRAM
CLAMP (SILENCER C),OTHERS
LUBRICATION_SPRAY_500ML,OTHERS
BOLT 5X16 MM,OTHERS
BULB_D1R_85V_35W_PK32D-3,BULB
BULB_P43_12V_100/90W,BULB
TYRE TUBE 15i,TYRE
BULB T20 SINGLE POINT,BULB
BULB (12V5W) (AMBER),BULB
MONOGRAM HYUNDAI I20 1.2 SPORTZ (O),MONOGRAM
MONOGRAM (HYUNDAI LOGO),MONOGRAM
REAR WINDOW GLASS,GLASS
SILICONE GREASE 500GM,OTHERS
BATTERY (FS144035LBH),BATTERY
MONOGRAM RENAULT KWID 1 RXL,MONOGRAM
WIPER _BLADE_18,WIPER BLADE
NUT 10,OTHERS
MONOGRAM aura,MONOGRAM
MONOGRAM FORD FIGO DURATORQ DIESEL,MONOGRAM
BULB_H10,BULB
BULB (FRONT FOG LAMP ),FOG LAMP
CLAMP (BREATHER HOSE),OTHERS
FRONT MONOGRAM (CHEVROLET),MONOGRAM
MONOGRAM MARUTI SUZUKI CIAZ ZXI,MONOGRAM
WHEEL BALANCING WEIGHT 20GM,WHEEL BALANCING
ENGINE_OIL_5W30_3.5L,ENGINE OIL
BRAKE_CLEANER_700ML,BRAKE CLEANER
MONOGRAM HYUNDAI EON MAGNA PETROL,MONOGRAM
MONOGRAM MARUTI SUZUKI BALENO DELTA,MONOGRAM
FENDER LINING CLIP HONDA,FENDER LINING
CLAMP (INTERCOOLER OUTLET HOSE),OTHERS
MONOGRAM MAHINDRA SCORPIO SLE BS-IV,MONOGRAM
WHITE PAINT SPRAY,OTHERS
FRONT FOG LAMP COVER ASSY,FOG LAMP
BOLT 3 INCH,OTHERS
BOSCH_BRAKEOIL_DOT4_250ML,OTHERS
MONOGRAM FRONT (FORD),MONOGRAM
BOLT 17 MM,OTHERS
STEREO SYSTEM & NAVIGATION,OTHERS
REAR RENAULT MONOGRAM LHS,MONOGRAM
MONOGRAM HYUNDAI GRAND I10 ERA,MONOGRAM
ROOF CLIP,OTHERS
COWL TOP CLIP SMALL BLACK,COWL TOP
FRONT LOWER CONTROL ARM BUSH (A) SET,CONTROL ARM
BULB_W5W,BULB
BULB_D3R,BULB
COPPER ANTISIZE PASTE,OTHERS
OUTER DOOR HANDLE KIT,DOOR HANDLE
BRAKE_PARTS_CLEANER_550ML,OTHERS
REAR WIPER BLADE 11,WIPER BLADE
QUARTER PANEL ASSY,QUARTER PANEL
MONOGRAM TATA TIGOR REVOTRON XE,MONOGRAM
MONOGRAM VOLKSWAGEN POLO TRENDLINE 1.2L,MONOGRAM
FRONT OEM MONOGRAM MERCEDES,MONOGRAM
BATTERY (ML45D21LH),BATTERY
TAIL LIGHT,TAIL LIGHT
WIPER_BLADE_12_FIRST_VF12,WIPER BLADE
WINDOW WEATHERSTRIP SET,WEATHERSTRIP
FUEL TANK ASSY,FUEL TANK
MONOGRAM (LAURIN&KLEMENT),MONOGRAM
WIPER_BLADE_FLAT_ SET,WIPER BLADE
BOLT 6X16 MM,OTHERS
WHEEL COVERS,OTHERS
MONOGRAM (INDIGO),MONOGRAM
BRAKE_CLEANER_325GM,BRAKE CLEANER
BULB_R5W_5W_BA15S,BULB
ENGINE_OIL_5W30_208L,ENGINE OIL
CLAMP (BONNET ROD),OTHERS
BATTERY HOLDER ROD,BATTERY
BULB_D4S_85V_35W_P32D-5,BULB
HALOGEN_BULB_H3_12V_55W,BULB
MONOGRAM MAHINDRA SCORPIO S6 PLUS,MONOGRAM
MONOGRAM (XV),MONOGRAM
DOOR STICKER,OTHERS
BULB (BRAKE STOP LIGHT),BULB
MONOGRAM NISSAN SUNNY XL,MONOGRAM
MUDFLAPS,MUDFLAP
MONOGRAM HYUNDAI XCENT SX PETROL,MONOGRAM
FRONT DOOR HINGE,FRONT DOOR
MONOGRAM MARUTI SUZUKI SWIFT DZIRE ZDI+,MONOGRAM
COOLANT_GREEN_3L,COOLANT
RELAY (dc 12v 40A),RELAY
MONOGRAM (XCENT),MONOGRAM
ALLOY WHEEL BALANCING WEIGHT 10GM,ALLOY WHEEL
FRONT WINDSHIELD ASSEMBLY,WINDSHIELD
BULB (12V21W/5W),BULB
MONOGRAM POLO,MONOGRAM
MONOGRAM (DUAL VVT-I),MONOGRAM
MONOGRAM (ZLX),MONOGRAM
WHEEL BALANCING WEIGHT 60GM,WHEEL BALANCING
CHAMBER WASHER,WASHER PUMP
MONOGRAM FORD ECOSPORT TREND +,MONOGRAM
FRONT DOOR,FRONT DOOR
BOLT 14X25,OTHERS
MONOGRAM (MOBILIO),MONOGRAM
SPEAKER SET,OTHERS
INNER TIE ROD LHS,TIE ROD
WHEEL BALANCING WEIGHT 70GM,WHEEL BALANCING
FRONT SHOCKER,SHOCK ABSORBER
TYRE_235/55/R18,TYRE
BATTERY CLAMPING BELT,BATTERY
MONOGRAM (I-DTEC),MONOGRAM
PISTON (WITH PIN),OTHERS
TIE CABLE BLACK 6X150,TIE CABLE
TRANSMISSION_OIL_1LITRE,TRANSMISSION OIL
MONOGRAM NISSAN MICRA XL PETROL,MONOGRAM
BOLT 12X50,OTHERS
BOSCH_BRAKEOIL_DOT3_250ML,OTHERS
VACUUM PUMP ASSEMBLY,OTHERS
HOSE CLAMP 9MM (20-32),HOSE CLAMP
MONOGRAM (ACTIVE),MONOGRAM
BRAKE CLEANER,BRAKE CLEANER
MONOGRAM (DDIS),MONOGRAM
MONOGRAM VOLKSWAGEN VENTO TRENDLINE PETROL,MONOGRAM
CENTER CONSOLE CLIP,OTHERS
MONOGRAM (D LITE),MONOGRAM
CENTRAL LOCKING SYSTEM,OTHERS
MONOGRAM ( MHAWK),MONOGRAM
TYRE VALVE CAP (BLACK),TYRE
REAR SHOCKER MOUNT LHS,SHOCK ABSORBER
BRAKE_CLEANER_100ML,BRAKE CLEANER
HOSE CLAMP 9MM (40-60MM),HOSE CLAMP
MONOGRAM (BEAT),MONOGRAM
NUMBER PLATE CLIP,NUMBER PLATE
TIE BELT,TIE BELT
FRONT GRILL MONOGRAM HOUSING,MONOGRAM
"BULB (12V,16W)",BULB
BULB_P21/5W,BULB
THINNER/SAW BLADE,OTHERS
MACHINE NEEDLE,OTHERS
NAVIGATION CHIP,OTHERS
MONOGRAM HYUNDAI ACCENT VIVA,MONOGRAM
BATTERY_44AH_BH_LEFT,BATTERY
MONOGRAM NISSAN MICRA ACTIVE XV,MONOGRAM
TYRE VALVE & CAP,TYRE
WHEEL BALANCING WEIGHT,WHEEL BALANCING
BRAKE_FLUID_DOT4_250ML,BRAKE FLUID
MONOGRAM (SPARK LS),MONOGRAM
ALLOY WHEEL BALANCING WEIGHT 15GM,ALLOY WHEEL
CEAT TYRE,TYRE
REAR UPPER CONTROL ARM,CONTROL ARM
MONOGRAM MARUTI SUZUKI CIAZ VXI+,MONOGRAM
BRAKE_LINING_CLEANER_500ML,OTHERS
LOW BEAM BULB H7(12V),BULB
MONOGRAM KIA SELTOS HTK PLUS,MONOGRAM
MONOGRAM HYUNDAI VERNA FLUIDIC 1.6,MONOGRAM
TIE CABLE BLACK 6X364,TIE CABLE
MONOGRAM VOLKSWAGEN POLO HIGHLINE1.2L (P),MONOGRAM
MONOGRAM TATA NEXON XZ PLUS,MONOGRAM
BULB_H4_12V_100/90W_P43T,BULB
FRONT STABILIZER BAR ASSY,FRONT STABILIZER
TYRE_245/65/R17,TYRE
COOLANT_PINK_1L,COOLANT
FRONT TWEETER SET,OTHERS
HOSE CLAMP 28MM,HOSE CLAMP
BULB H12,BULB
MONOGRAM HYUNDAI I20 MAGNA (O),MONOGRAM
ENGINE_OIL_5W40_1L,ENGINE OIL
ENGINE_OIL_3.5L,ENGINE OIL
BOLT 8X16 MM,OTHERS
FRONT OEM MONOGRAM TATA (T),MONOGRAM
MONOGRAM (CHEVORLET),MONOGRAM
BATTERY (MF40LBCI),BATTERY
ANA BOND 80GM,ANA BOND
MONOGRAM DATSUN REDI GO S (O),MONOGRAM
"FOG LAMP BULB (12V, 35W)",FOG LAMP
SPIRAX_GEAROIL_S2G_80W90_5LITRE,SPIRAX GEAROIL
WIPER BLADE FLAT 15,WIPER BLADE
FRONT UPPER CONTROL ARM,CONTROL ARM
REAR STABILIZER BAR ASSY,REAR STABILIZER
MONOGRAM MARUTI SUZUKI WAGON R,MONOGRAM
MONOGRAM HYUNDAI VENUE SX+ 1.0 TURBO DCT,MONOGRAM
CLAMP (CLUTCH CABLE),CLUTCH CABLE
RELAY (12V 20A),RELAY
MONOGRAM XUV 500,MONOGRAM
"Fog Light Bulb, 12V 60W (Single Bulb)",BULB
INTAKE MANIFOLD UPPER,INTAKE MANIFOLD
REAR DOOR WEATHERSTRIP,WEATHERSTRIP
GEAROIL_GL-4_75W90_1L,GEAROIL GL
WIPER_BLADE_21_FIRST_VF12,WIPER BLADE
BRAKE OIL DOT 4 250ML,BRAKE OIL
MONOGRAM (GLS),MONOGRAM
BULB_T15_12V_16W,BULB
TRANSMISSION ASSY,OTHERS
BOPP TAPE (2X40),OTHERS
BATTERY (MLDIN44L),BATTERY
MONOGRAM CHEVROLET SAIL U-VA 1.2,MONOGRAM
MONOGRAM VTVT,MONOGRAM
COOLANT_PURPLE_1.5L,COOLANT
BULB_H27W/2_12V_27W,BULB
WIPER_BLADE_24_FIRST_VF12,WIPER BLADE
DEFROSTER SPRAY,OTHERS
MONOGRAM DATSUN REDI GO T(O) 1,MONOGRAM
DICKEY DOOR BUMP STOP,DICKEY DOOR
BATTERIES,OTHERS
GEAROIL_GL-4_EP-80W90_1L,GEAROIL GL
ENGINE OIL 5W30,ENGINE OIL
BULB_D2R,BULB
AC PIPE RUBBER,OTHERS
FOAM,OTHERS
TIMING BELT/CHAIN KIT,TIMING BELT
dummy category root,OTHERS
BULB CARRIER,BULB
BATTERY (36B20L),BATTERY
MONOGRAM (EON),MONOGRAM
TYRE_255/55/R16,TYRE
INDICATOR BULB HOLDER,BULB
AUTOMATIC_TRANSMISSION_FLUID_1L,AUTOMATIC TRANSMISSION
MAGNET SENSOR (STARTER MOTOR),SENSOR
AC CONDENSER ASSEMBLY,OTHERS
RADIUM TAPE 2 INCH,OTHERS
MONOGRAM TATA MANZA AQUA,MONOGRAM
BULB_D3S_35W,BULB
DICKEY LATCH ANTENNA,DICKEY LATCH
SPEAKER 5 INCH,OTHERS
TRANSMISSION FLUID,OTHERS
BULB(12V/8W),BULB
BULB (12V_8W_T10),BULB
MONOGRAM T (DICKEY),MONOGRAM
FRONT SHOCKER BOOT LHS,SHOCK ABSORBER
WIPER BLADE SET (22/16),WIPER BLADE
HEATER CORE ASSY,OTHERS
TAIL LIGHT BULB,TAIL LIGHT
FRONT FOG LAMP COVER,FOG LAMP
CHROME TAPE (15MX30MM),OTHERS
MONOGRAM HYUNDAI SANTRO XING GLS,MONOGRAM
MUD FLAP SET,OTHERS
MONOGRAM RENAULT KWID 1 RXT,MONOGRAM
REAR COIL SPRING,REAR COIL
MONOGRAM ALTO,MONOGRAM
MONOGRAM S BIG (REAR),MONOGRAM
ENGINE_OIL_5W30_6L,ENGINE OIL
MONOGRAM (INNOVA),MONOGRAM
CAR KEY (MANUAL WITH REMOTE),CAR KEY
PLASTIC & RUBBER CARE SPRAY,OTHERS
MONOGRAM MARUTI SUZUKI SWIFT LDI,MONOGRAM
MONOGRAM HYUNDAI XCENT S AT,MONOGRAM
MONOGRAM TDI,MONOGRAM
HAND BRAKE ASSY,HAND BRAKE
MONOGRAM MARUTI SUZUKI CIAZ ZDI,MONOGRAM
Car Spray Paint (Silver),CAR SPRAY
SCREW 6X32 MM,OTHERS
BULB_C5W_6V_5W,BULB
REAR WHEEL HOUSE LINING,REAR WHEEL
WIRE CONNECTOR,OTHERS
REAR MUD FLAP,OTHERS
REAR NUMBER PLATE LIGHT BULB,BULB
CLUTCH KIT (4 PCS),CLUTCH KIT
MONOGRAM HYUNDAI I20 ASTA 1.4,MONOGRAM
FUSE BOX RELAY,RELAY
BATTERY_64AH_RIGHT,BATTERY
WIPER BLADE & RUBBER,WIPER BLADE
"BULB (12V,21/5W)",BULB
FUSE 80 AMPERE BIG,FUSE
TIE BELT SMALL,TIE BELT
MONOGRAM VCDI (CHEVROLET),MONOGRAM
REAR POWER WINDOW SWITCH (LHS/RHS),POWER WINDOW SWITCH
PLASTIC AND RUBER CARE SPRAY,OTHERS
AC GAS CYLINDER 10KG,AC GAS
WIPER BLADE KIT,WIPER BLADE
ALTERNATOR ROTOR,ALTERNATOR
BULB_C8W_12V_8W,BULB
BULB_H27/1_12V_27W,BULB
ELECTRICAL CONTACT SPRAY,OTHERS
MONOGRAM MARUTI SUZUKI A STAR LXI,MONOGRAM
BUTT CONNECTOR,OTHERS
FRONT OUTER DOOR HANDLE BRACKET RHS,DOOR HANDLE
BATTERY_78AH_LEFT,BATTERY
SPRAY PAINT MATT BLACK,SPRAY PAINT
PAINT SPRAY-9017-BRIGHT BLACK-400ML,PAINT SPRAY
TYRE_145/70 R13,TYRE
FRONT KNUCKLE,FRONT KNUCKLE
MONOGRAM (SWIFT),MONOGRAM
ENGINE_OIL_5W30_3L,ENGINE OIL
MONOGRAME (SWIFT DZIRE),MONOGRAM
MONOGRAM MAHINDRA KUV100 NXT K2,MONOGRAM
MONOGRAM MARUTI SUZUKI BALENO RS,MONOGRAM
MONOGRAM JETTA COMFORTLINE,MONOGRAM
BULB H9,BULB
FUSE 5 AMPERE BIG,FUSE
MONOGRAM (SHVS),MONOGRAM
MONOGRAM HYUNDAI I20 ACTIVE CRDI,MONOGRAM
FUSE 60 AMPERE BIG,FUSE
SPIRAX_GEAROIL_S2G_80W90_1LITRE,SPIRAX GEAROIL
BULB_HB4_12V_51W,BULB
FRONT DRIVE SHAFT,FRONT DRIVE
MONOGRAM JAZZ X PETROL 1.0,MONOGRAM
MONOGRAM (SPRESSO),MONOGRAM
MONOGRAM (JAZZ),MONOGRAM
AUTOMATIC_TRANSMISSION_FLUID_1LITRE,AUTOMATIC TRANSMISSION
COOLANT_RED_3L,COOLANT
NUT 12,OTHERS
BATTERY (FS1440DIN50L),BATTERY
INTERCOOLER ASSY,OTHERS
MONOGRAM MARUTI SUZUKI S-CROSS DELTA,MONOGRAM
MONOGRAM HONDA AMAZE 1.2 VX AT,MONOGRAM
MONOGRAM MAHINDRA XUV 300 W6,MONOGRAM
WIPER BLADE FLAT 18,WIPER BLADE
BULB HB4,BULB
SIDE & PARK LAMP BULB (12v),BULB
PEDAL SWITCH & SENSOR,SENSOR
MONOGRAM (TURBO),MONOGRAM
MAIN OIL SEAL,SEAL
HEADLIGHT BULB HOLDER,BULB
CATALYTIC CONVERTER SPRING,CATALYTIC CONVERTER
WIPER BLADE FLAT 19,WIPER BLADE
MONOGRAN (VVT-I),OTHERS
MONOGRAM (DZIRE),MONOGRAM
AC SWITCH BULB,BULB
MONOGRAM NISSAN MICRA XV PETROL,MONOGRAM
EXHAUST MANIFOLD RHS,EXHAUST MANIFOLD
MONOGRAM (T8),MONOGRAM
BULB_T-10_12V_5W,BULB
WIPER BLADE FLAT 26,WIPER BLADE
ENGINE_FLUSH_355ML,OTHERS
BOLT 5X25 MM,OTHERS
MONOGRAM SKODA RAPID AMBITION,MONOGRAM
MONOGRAM (SPARK E ),MONOGRAM
BRAKEOIL_250ML,OTHERS
SPRAY_LUBRICANT_PENETRATING_OIL_100ML,OTHERS
ENGINE_OIL_5W40_3.5L,ENGINE OIL
BONNET STAY ROD BUSH,BUSH KIT
TYRE_245/35/R20,TYRE
BULB_T15,BULB
DOOR EDGE GUARD,OTHERS
REAR WINDOW WEATHERSTRIP LHS INNER,WEATHERSTRIP
BRAKE OIL DOT4,BRAKE OIL
COOLANT_PINK_1.5L,COOLANT
OIL SPRAY NOZZLE,OTHERS
TYRE_EARTH-1,TYRE
MONOGRAM HYUNDAI NEO FLUIDIC ELANTRA,MONOGRAM
TYRE REPAIR KIT,TYRE
MONOGRAM MARUTI SUZUKI CELERIO ZXI,MONOGRAM
MONOGRAM VOLKSWAGEN POLO GT TSI,MONOGRAM
DOOR TRIM CLIP,OTHERS
BATTERY TERMINAL WIRE,BATTERY
MONOGRAM HYUNDAI CRETA 1.4 E PLUS,MONOGRAM
SPRAY PAINT MATT WHITE,SPRAY PAINT
SYNTHETIC LUBRICANT SPRAY (100ML),OTHERS
MONOGRAM (S) REAR,MONOGRAM
INSTRUMENT CLUSTER ASSEMBLY,INSTRUMENT CLUSTER
SPARY PAINT SCARLET,OTHERS
MONOGRAM (LIVA),MONOGRAM
BREAK BULB SINGAL POINT,BULB
FENDER,OTHERS
ENGINE_OIL_5W30_209L,ENGINE OIL
ANA BOND 15ML,ANA BOND
ALLOY WHEEL BALANCING WEIGHT 5GM,ALLOY WHEEL
BULB_C5W_12V,BULB
CLAMP ( STEERING BOOT),OTHERS
BOLT 6X25 MM,OTHERS
REAR DOOR TRIM,REAR DOOR
ROOF RAIL,OTHERS
REAR LOWER CONTROL ARM RHS,CONTROL ARM
BULB_W21W_12V,BULB
MONOGRAM LDi,MONOGRAM
RADIATOR HOSE CLAMP,RADIATOR
NUMBER PLATE LIGHT BULB,BULB
FUSE BOX ASSY,FUSE
BULB_W21W_12V_21W,BULB
TRANSMISSION OIL (AT OIL) 3.5 LITER,TRANSMISSION OIL
BOLT 18 MM,OTHERS
MONOGRAM HONDA AMAZE 1.5 S,MONOGRAM
MONOGRAM (ALTO),MONOGRAM
BULB_P21W_12V_21W,BULB
SIDE SILL TRIM,OTHERS
MONOGRAM (4MATIC),MONOGRAM
"H4 Halogen Bulb, 12V 60/55W (Single Bulb)",BULB
MONOGRAM XM,MONOGRAM
BATTERY (FS1440DIN65LH),BATTERY
ELECTRICAL CONTACT SPRAY 350ML,OTHERS
MONOGRAM HYUNDAI AURA SX 1.2,MONOGRAM
ENGINE_OIL_15W40_6L,ENGINE OIL
MONOGRAM NISSAN SUNNY XV CVT,MONOGRAM
SHARK FIN ANTENNA,OTHERS
GEAR OIL 75W90 (2.5 LITER),GEAR OIL
CLEANING SPRAY,OTHERS
MONOGRAM (mFALCON),MONOGRAM
CLUTCH ASSY,CLUTCH OTHER
BULB 9005 12V 100W P20D,BULB
MONOGRAM MAHINDRA KUV100 K8 6,MONOGRAM
AC CONTROL PANEL TRIM,AC CONTROL
MONOGRAM (RXL),MONOGRAM
WIPER WASHER TANK ASSEMBLY,WASHER PUMP
TAIL LIGHT BULB SOCKET LHS,TAIL LIGHT
ENGINE OIL,ENGINE OIL
COOLANT_GREEN_5L,COOLANT
"BULB, H4 60/55 WATT",BULB
MONOGRAM (XING),MONOGRAM
ENGINE_OIL_5W40_209L,ENGINE OIL
Gear Oil (1L),GEAR OIL
MONOGRAM CHEVROLET BEAT LT PETROL,MONOGRAM
TYRE_185/80/R14,TYRE
TYRE_225/60/R18,TYRE
GLOVE BOX UPPER,GLOVE BOX
CAR WASHING SHAMPOO,OTHERS
NYLON THREAD,OTHERS
REAR WINDOW WEATHERSTRIP RHS INNER,WEATHERSTRIP
BULB_H11_12V_55W,BULB
REAR INDICATOR BULB,BULB
MONOGRAM MARUTI SUZUKI S-PRESSO LXI,MONOGRAM
BRAKE_OIL_DOT4_500ML,BRAKE OIL
MONOGRAM SKODA FABIA,MONOGRAM
MONOGRAM RENAULT DUSTER RXE PETROL,MONOGRAM
BOLT 14 INCH,OTHERS
AC SWITCH BULB (14V 80MA),BULB
WIRE 8MM,OTHERS
FRONT AXLE BOOT CLAMP,FRONT AXLE
MONOGRAM (GOLD),MONOGRAM
FRONT SHOCKER SET,SHOCK ABSORBER
FUEL TANK HOSE CLAMP,FUEL TANK
FRONT DOOR CLADDING,FRONT DOOR
BULB HOLDER PLATE,BULB
MONOGRAM POLO HIGHLINE,MONOGRAM
BUMPER CLIP MARUTI SUZUKI,BUMPER
WHEEL BALANCING WEIGHT 65GM,WHEEL BALANCING
CLUTCH PEDAL PAD,CLUTCH OTHER
ENGINE_OIL _5W30_5L,ENGINE OIL
FOAM TAPE GREEN,OTHERS
MONOGRAM HONDA AMAZE 1.2 VX I-VTEC,MONOGRAM
BULB - WEDGE 12V 1.2W,BULB
MONOGRAM FORD FIGO TITANIUM1.5 TDCI,MONOGRAM
MAIN POWER WINDOW SWITCH TRIM,POWER WINDOW SWITCH
BRAKE_FLUID_500ML,BRAKE FLUID
QUARTER MOUNTED TAIL LIGHT,TAIL LIGHT
ENGINE_OIL_15W40_5L,ENGINE OIL
MONOGRAM HONDA CITY ZX GXI,MONOGRAM
MONOGRAM (VDi),MONOGRAM
CON DUSTER CLIP,OTHERS
MONOGRAM HONDA AMAZE 1.5 V,MONOGRAM
FOG LAMP BULB H8,FOG LAMP
MONOGRAM HONDA CITY S PETROL,MONOGRAM
BATTERY (FS1440DIN55R),BATTERY
HOSE CLAMP (60-80MM),HOSE CLAMP
MONOGRAM (ASTA),MONOGRAM
SPEAKER 8 INCH,OTHERS
FLOOR CARPET CLIP,OTHERS
CATALYTIC CONVERTER CLAMP,CATALYTIC CONVERTER
BOLT 1 INCH,OTHERS
BATTERY (SP105D31R),BATTERY
MONOGRAM RENAULT TRIBER RXZ,MONOGRAM
MONOGRAM (GREEN),MONOGRAM
WINDSHIELD WASHER SYSTEM,WASHER PUMP
CYLINDER HEAD ASSY,OTHERS
PARTS KIT- WIPER BLADE,WIPER BLADE
BOLT 6X12 MM,OTHERS
PAINT_SPRAY_9006_ALUMINIUM_400ML,PAINT SPRAY
ANA BOND BLACK,ANA BOND
MONOGRAM HYUNDAI I20 ACTIVE 1.2,MONOGRAM
BATTERY (FS144068LBH),BATTERY
AC_COMPRESSOR_OIL_1L,COMPRESSOR
MONOGRAM (BMW),MONOGRAM
MONOGRAM MARUTI SUZUKI BALENO ZETA,MONOGRAM
FRONT ROOF HANDLE,FRONT ROOF
BODY FRAME,OTHERS
TIE CLIP 300 X 3.6,TIE CLIP
MANUAL_TRANSMISSION_FLUID_1L,MANUAL TRANSMISSION
MONOGRAM SKODA RAPID AMBITION 1.6,MONOGRAM
WINDSHIELD WASHER FLUID,WASHER PUMP
ACCESSORIES,OTHERS
TIE CABLE BLACK 6X200MM,TIE CABLE
BULB_H4_12V_130/100W_P43T,BULB
MONOGRAM (W4),MONOGRAM
MONOGRAM HYUNDAI ACCENT EXECUTIVE,MONOGRAM
"BULB (12V,5W)",BULB
MONOGRAM DATSUN REDI GO T (O),MONOGRAM
FRONT SEAT BELT,SEAT BELT
TYRE_195/50/R16,TYRE
BULB_HB4,BULB
FRONT SEAT RECLINER COVER LHS,FRONT SEAT
DISTILLED WATER,OTHERS
FRONT BRAKE CALIPER LHS,BRAKE CALIPER
DIFFERENTIAL SEAL RHS,SEAL
BOLTS,OTHERS
FRONT DOOR HANDLE,DOOR HANDLE
HALOGEN_BULB_H4_P43_12V_60/55W,BULB
RELAY APC,RELAY
MONOGRAM HYUNDAI CRETA 1.6 SX,MONOGRAM
MONOGRAM VOLKSWAGEN VENTO TDI,MONOGRAM
FRONT DRIVE SHAFT BOOT CLAMP RHS,FRONT DRIVE
BATTERY (55S35LBH),BATTERY
WIPER_BLADE_18_FIRST_VF12,WIPER BLADE
INDICATOR BULB SOCKET (HEADLIGHT),BULB
MONOGRAM ASTA,MONOGRAM
FRONT & SIDE BODY,OTHERS
CLAMP (89x10x1),OTHERS
MONOGRAM MAHINDRA SCORPIO S10 DIESEL,MONOGRAM
BATTERY (95D26R),BATTERY
AUTO GEAR SHIFT MONOGRAM,MONOGRAM
DOOR GRAPHICS,OTHERS
REAR AXLE BEAM ASSY,OTHERS
FRONT WIPER SPRAY NOZZLE,FRONT WIPER
MONOGRAM (KAPA 2),MONOGRAM
MONOGRAM HYUNDAI XCENT SX (O),MONOGRAM
MONOGRAM NISSAN TERRANO XV D,MONOGRAM
"CLAMP (32x10x0, 8)",OTHERS
MONOGRAM FORD FIGO ASPIRE,MONOGRAM
RELAY 70 AMP (GREY),RELAY
REGISTRATION PLATE,OTHERS
Car Spray Paint (Deep Grey),CAR SPRAY
FUSE_FLAT_BLADE_MINI_10AMP,FUSE
REAR BUMPER ASSY,BUMPER
CATALYTIC CONVERTER ASSY,CATALYTIC CONVERTER
SPRAY PAINT GREY,SPRAY PAINT
MONOGRAM (X-TRONIC),MONOGRAM
MONOGRAM MARUTI SUZUKI SWIFT DZIRE,MONOGRAM
BULB 12V 60/55W TY,BULB
AUTOMOTIVE MASKING TAPE,OTHERS
MONOGRAM SKODA SUPERB ELEGANCE TDI,MONOGRAM
BULB_H4_12V_100/90W,BULB
CLAMP ( AIR FILTER HOUSING),AIR FILTER
SEAT COVER LOCK,SEAT COVER
BULB_H4_12V_60/55W_P43T,BULB
BULB (PSX24W),BULB
BULB_1016_12V_21/4W,BULB
MONOGRAM (ERTIGA),MONOGRAM
BULB_P21/5W_12V_BAY15D,BULB
TYRE_145/R12LT86/84Q,TYRE
REAR MUDFLAP RHS,MUDFLAP
HOSE CLAMP 9MM (25-40),HOSE CLAMP
MONOGRAM MAHINDRA SCORPIO S4 1.99,MONOGRAM
MONOGRAM TATA ALTROZ XE,MONOGRAM
MONOGRAM HONDA CITY SV PETROL,MONOGRAM
RELAY (INDICATOR),RELAY
TOOLS,OTHERS
SPRING WASHER M12,WASHER PUMP
EXHAUST MANIFOLD ASSY,EXHAUST MANIFOLD
RELAY 20A,RELAY
HEAD REST COVER,OTHERS
BULB_H4_12V_55W,BULB
MONOGRAM MARUTI SUZUKI CELERIO VXI,MONOGRAM
EGR VALVE HOSE CLAMP,OTHERS
BRAKE FLUID,BRAKE FLUID
TYRE VALVE SMALL,TYRE
ALTERNATOR BEARING,WHEEL BEARING
MONOGRAM HYUNDAI I10 ASTA PETROL,MONOGRAM
MONOGRAM MAHINDRA XUV500 W10 DIESEL,MONOGRAM
BULB H16,BULB
TYRE_215/70/R15,TYRE
TYRE_165/60/R14,TYRE
TYRE_205/60/R15,TYRE
TYRE_145/R12LT80/78Q,TYRE
COWL TOP COVER LHS,COWL TOP
BULB_HIR2,BULB
NUMBER PLATE STICKER,NUMBER PLATE
DRAIN PLUG WASHER,WASHER PUMP
THROTTLE BODY ASSY,THROTTLE BODY
INTAKE MANIFOLD LOWER,INTAKE MANIFOLD
GOODYEAR_TYRE_185/65/R15,TYRE
REAR WIPER ARM ASSEMBLY,REAR WIPER
MONOGRAM HYUNDAI VERNA S PETROL,MONOGRAM
MONOGRAM VDI,MONOGRAM
MONOGRAM MAHINDRA KUV100 K6 6,MONOGRAM
BULB_H11_12V_55W_PGJ19-2,BULB
ENGINE_OIL_0W30_5L,ENGINE OIL
MONOGRAM CHEVROLET SPARK LS 1.0L,MONOGRAM
FUSE 35 AMPERE BIG,FUSE
BATTERY_75AH_RIGHT,BATTERY
EXHUAST SYSTEM,OTHERS
POWER WINDOW MOTOR,OTHERS
SCREW 1/2 INCH,SCREW 1
MONOGRAM HONDA WR-V VX I-VTEC,MONOGRAM
WIPER BLADE FLAT 12,WIPER BLADE
AC SWITCH BULB (14W 80MA),BULB
MONOGRAM FIESTA TITANIUM 1.6,MONOGRAM
TAIL LIGHT BULB HOLDER LHS,TAIL LIGHT
TIE CLIP 400 X 5,TIE CLIP
CLAMP (MAF SENSOR TO AIR FILTER PIPE INLET),AIR FILTER
MONOGRAM AMEO HIGHLINE DIESEL,MONOGRAM
BOLT 8X20 MM,OTHERS
PARKING BULB T10,BULB
MONOGRAM FORD FIESTA 1.6 CLXI,MONOGRAM
GREASE 500 GRAM,OTHERS
TIE CLIP 400 X 3.6,TIE CLIP
WIPER_BLADE_FLAT_28,WIPER BLADE
MONOGRAM MARUTI SUZUKI IGNIS DELTA,MONOGRAM
REAR DOOR,REAR DOOR
CAMSHAFT VALVE TAPPET,OTHERS
TYRE_195/65/R14,TYRE
ENGINE_OIL_5W-40_1L,ENGINE OIL
CLAMP (WIPER WASHER PIPE),WASHER PUMP
MONOGRAM (CRETA),MONOGRAM
MONOGRAM HONDA WR-V S DIESEL,MONOGRAM
MONOGRAM MARUTI SUZUKI SWIFT ZXI,MONOGRAM
HALOGEN_BULB_881_12V_27W,BULB
BOLT (ENGINE MOUNTING A),ENGINE MOUNTING
BATTERY (FS144035RBH),BATTERY
MONOGRAM TOYOTA INNOVA 2.5 GX,MONOGRAM
WASHER 17 MM,WASHER PUMP
PAINT_SPRAY_300ML,PAINT SPRAY
TYRE_245/50/R18,TYRE
MONOGRAM (G80),MONOGRAM
PARKING BULB WHITE,BULB
FRONT COIL SPRING PAD LOWER,FRONT COIL
PAINT_SPRAY_9011_MATTBLACK_400ML,PAINT SPRAY
REAR SHOCKER ASSY RHS,SHOCK ABSORBER
SVM SWITCH,MIRROR
DRAIN PLUGS,OTHERS
REAR DEFOGGER SWITCH BULB,BULB
GEAR OIL 80W90 (1L),GEAR OIL
MONOGRAM (CR-V),MONOGRAM
WIPER_BLADE_26_FIRST_VF12,WIPER BLADE
BRAKEOIL_DOT4_250ML,BRAKEOIL DOT4
WIPER BLADE 17,WIPER BLADE
MONOGRAM TATA TIAGO XZA PLUS,MONOGRAM
REAR WHEEL HUB ASSY,WHEEL HUB
PRESSURE PLATE,OTHERS
ENGINE_OIL_5W40_50L,ENGINE OIL
H4 Halogen Bulb 12V 100/90W (Single Bulb),BULB
FOG LAMP BULB (12V 19W),FOG LAMP
TIE CABLE BLACK 5X100,TIE CABLE
BULB_PSX,BULB
REXINE,OTHERS
SAND PAPER,OTHERS
RELAY MAIN CURRENT,RELAY
BRAKE PEDAL ASSEMBLY,BRAKE PEDAL
WHEEL SPANNER 21,WHEEL SPANNER
MONOGRAM dCi,MONOGRAM
DICKEY DOOR EMBLEM,DICKEY DOOR
SPRAY_GREASE_500ML,OTHERS
GEAR OIL 80W90 (2.5 LITER),GEAR OIL
DOOR TRIM CLIP SMALL,OTHERS
MONOGRAM RENAULT SCALA RXZ DIESEL,MONOGRAM
FUSE 10 AMPERE SMALL,FUSE
FILTER KIT,OTHERS
FRONT OEM MONOGRAM SKODA,MONOGRAM
MONOGRAM (K4+),MONOGRAM
BULB H3,BULB
ENGINE CLEANER,OTHERS
COWL TOP CLIP BIG BLACK,COWL TOP
RUST_FREE_SPRAY_500ML,OTHERS
BOLT 8X25 MM,OTHERS
BULB_H4_12V_130/90W_P43T,BULB
HORN PAD MONOGRAM (FORD),HORN
MONOGRAM MARUTI SUZUKI ERTIGA ZDI+,MONOGRAM
HEAD LIGHT LEVELING SWITCH,HEADLIGHT
BUMPER CLIP HONDA,BUMPER
BOLT 10X20,OTHERS
MONOGRAM MARUTI SUZUKI SWIFT ZDI,MONOGRAM
WIPER_BLADE_13,WIPER BLADE
WIPER T JOINT,OTHERS
GREASE 1KG,OTHERS
REAR SHOCKER MOUNT RHS,SHOCK ABSORBER
FRONT DOOR HINGE RHS,FRONT DOOR
STARTER MOTOR ARMATURE,STARTER MOTOR
BULB_T10_12V_5W,BULB
MONOGRAM HONDA CR-V PETROL,MONOGRAM
MAGNA MONOGRAM,MONOGRAM
WIPER RELAY,RELAY
TWEETER,OTHERS
HALOGEN_BULB_H16,BULB
BULB_P21/5_12V-1016,BULB
WIPER BLADE RHS,WIPER BLADE
FRONT DRIVE SHAFT BOOT CLAMP,FRONT DRIVE
WIPER BLADE 23,WIPER BLADE
CONNECTOR WASHER FLUID PIPE,WASHER PUMP
MONOGRAM (DUO),MONOGRAM
BULB_D4S_35W_4300K,BULB
MONOGRAM (LE25),MONOGRAM
MONOGRAM MARUTI SUZUKI ALTO 800 VXI,MONOGRAM
MONOGRAM (KAPPA),MONOGRAM
BRAKE_CLEANER_500ML,BRAKE CLEANER
MONOGRAM CHEVROLET CRUZE LTZ AT,MONOGRAM
ALLOY WHEEL,ALLOY WHEEL
MONOGRAM (4WD),MONOGRAM
CAR KEY (MANUAL),CAR KEY
BONNET,OTHERS
BOLT 2 INCH,OTHERS
DOUBLE TAPE LARGE,DOUBLE TAPE
USED TYRE,TYRE
WIPER_BLADE_26,WIPER BLADE
MONOGRAM MARUTI SUZUKI EECO,MONOGRAM
MONOGRAM (CRYSTA),MONOGRAM
MONOGRAM MARUTI SUZUKI CIAZ DELTA,MONOGRAM
MONOGRAM (BR-V),MONOGRAM
FRONT DRIVE SHAFT CLAMP,FRONT DRIVE
FRONT DRIVE SHAFT BOOT CLAMP BIG,FRONT DRIVE
FUSE 20 AMPERE SMALL,FUSE
STARTER RELAY(12V),RELAY
YOKOHAMA TYRE,TYRE
MONOGRAM (1.0),MONOGRAM
CONSUMABLES,OTHERS
TYRE_235/60/R16,TYRE
MONOGRAM (SX4),MONOGRAM
MONOGRAM (THAR),MONOGRAM
MONOGRAM RENAULT SCALA RXZ PETROL,MONOGRAM
RELAY (FRONT FOG LAMP & LOW BEAM),FOG LAMP
AXLE BOOT CLAMP (BIG),OTHERS
MONOGRAM (SAFARI),MONOGRAM
CLAMP (LARGE),OTHERS
MONOGRAM (FLUENCE),MONOGRAM
TYRE_135/80/R18,TYRE
FUEL INJECTOR CLEANER,FUEL INJECTOR
MONOGRAM (KUV100),MONOGRAM
BOLT 6X20 MM,OTHERS
MONOGRAM MARUTI SUZUKI DZIRE ZDI,MONOGRAM
SILICONE GREASE 1KG,OTHERS
MONOGRAM (XZ),MONOGRAM
H7 Halogen Bulb 12V 55W (Single Bulb),BULB
MONOGRAM (S5),MONOGRAM
WIPER_BLADE_24,WIPER BLADE
SCREW 3.5X38 MM,SCREW 3
BOLT 12 INCH,OTHERS
MONOGRAM TOYOTA ETIOS LIVA GD,MONOGRAM
ELECTRONIC_SPRAY_500ML,OTHERS
CEILING CLIP,OTHERS
REAR TOW HOOK COVER,OTHERS
MONOGRAM SKODA RAPID NEW STYLE,MONOGRAM
MONOGRAM (SPORT),MONOGRAM
ENGINE_OIL_15W40,ENGINE OIL
EXHAUST MANIFOLD LHS,EXHAUST MANIFOLD
FRONT WIPER BLADE 10,WIPER BLADE
MONOGRAM (ETIOS CROSS),MONOGRAM
HEAD_LIGHT_BULB_P20D_12V_60W,BULB
AC SWITCH BULB (14W 60MA),BULB
SUPER_LUBRICANT_SPRAY_500ML,OTHERS
SCREW 1 INCH,SCREW 1
HOSE CLAMP 60MM,HOSE CLAMP
DOOR CLADDING CLIP,DOOR CLADDING
PARKING BULB,BULB
ENGINE_OIL_0W30_1L,ENGINE OIL
FRONT SHOCKER MOUNT RHS,SHOCK ABSORBER
FRONT BRAKE DISC RHS,BRAKE DISC
HOSE CLAMP 100MM,HOSE CLAMP
TAIL LIGHT BULB HOLDER RHS,TAIL LIGHT
E60_MULTI_USE_SPRAY_64G,OTHERS
RUST OFF SPRAY,OTHERS
BATTERY_65AH_BH_LEFT,BATTERY
WASHER,WASHER PUMP
AIR CLEANER,OTHERS
MONOGRAM MARUTI SUZUKI ERTIGA ZXI+,MONOGRAM
HALOGEN_BULB_H4_12V_60/55W,BULB
TIMING BELT/CHAIN & COVER,TIMING BELT
WASHER 14 MM,WASHER PUMP
MONOGRAM TOYOTA ETIOS V PETROL,MONOGRAM
GLOVE BOX BULB,BULB
FRONT MONOGRAM BASE,MONOGRAM
ROOF INNER PANEL,OTHERS
RELAY ICM,RELAY
MONOGRAM MARUTI SUZUKI,MONOGRAM
CAR SPRAY PAINT (BRIGHT CHROME),CAR SPRAY
MONOGRAM MARUTI SUZUKI ERTIGA ZXI,MONOGRAM
SCREW 6X50 MM,OTHERS
FRONT WHEEL HUB RHS,WHEEL HUB
HEAD LIGHT BULB,HEADLIGHT
RELAY 30AMP,RELAY
MONOGRAM (GXI),MONOGRAM
DIFFERENTIAL SEAL LHS,SEAL
CRANKSHAFT,OTHERS
STOP LIGHT BULB,BULB
GREASE_500GR,OTHERS
WIPER I JOINT,OTHERS
TYRE-155/65/R14,TYRE
MONOGRAM TOYOTA INNOVA 2.6 V,MONOGRAM
DOOR PAD CLIP,OTHERS
HYBRID BATTERY (HXDIN70),BATTERY
MONOGRAM (COROLLA),MONOGRAM
MONOGRAM (redi-GO),MONOGRAM
WIPER_BLADE_SET_20,WIPER BLADE
HOSE CLAMP 9MM (90-110MM),HOSE CLAMP
MONOGRAM MARUTI SUZUKI CIAZ ALPHA,MONOGRAM
WHITE SEALENT,SEAL
MONOGRAM RENAULT KWID RXL PETROL,MONOGRAM
BULB_HB3_9005_12V_65W_Platinum_+100%,BULB
TYRE_215/75/R16,TYRE
